Date,Date,Open,High,Low,Close,RFR Close Predictions,Polynomial Close Predictions,Ada Close Predictions
2018-01-02,17533.0,196.100006,201.649994,195.419998,201.070007,197.6325256649369,199.16908668656154,198.5786139527786
2018-01-03,17534.0,202.050003,206.210007,201.5,205.050003,204.29036048009715,203.99997797136083,204.54817380149717
2018-01-04,17535.0,206.199997,207.050003,204.0,205.630005,204.29036048009715,204.48923313044713,206.59670460347292
2018-01-05,17536.0,207.25,210.020004,205.589996,209.990005,211.18614487050507,207.43472578620305,208.31026724415392
2018-01-08,17539.0,210.020004,212.5,208.440002,212.050003,214.51875231741707,209.99450672878316,212.42853328538703
2018-01-09,17540.0,212.110001,212.979996,208.589996,209.309998,214.51875231741707,209.70904223857616,214.75351662977064
2018-01-10,17541.0,207.570007,213.639999,206.910004,212.520004,214.51875231741707,211.05443184321496,212.63980958126348
2018-01-11,17542.0,214.289993,217.75,213.350006,217.240005,214.51875231741707,215.41181132499557,217.80463525034097
2018-01-12,17543.0,217.179993,222.550003,216.0,221.229996,216.86039120431101,219.77583546236247,220.8067157859998
2018-01-16,17547.0,224.240005,226.070007,217.199997,221.529999,217.82279841303142,220.77215830968453,221.2598558995187
2018-01-17,17548.0,221.0,221.149994,216.320007,217.5,216.86039120431101,217.3610767571227,219.4570835620219
2018-01-18,17549.0,220.339996,220.580002,216.550003,220.330002,216.86039120431101,217.24402445135217,219.4570835620219
2018-01-19,17550.0,222.75,223.490005,218.5,220.460007,218.63986142525346,219.82751836686685,221.7696834334202
2018-01-22,17553.0,222.0,227.789993,221.199997,227.580002,224.88635541703897,225.1342302918368,223.75636530159983
2018-01-23,17554.0,255.050003,257.709991,248.020004,250.289993,253.99954721904936,252.19784134129986,254.220372008967
2018-01-24,17555.0,250.880005,261.709991,249.309998,261.299988,256.2849040678093,257.77148823345505,256.29387272658096
2018-01-25,17556.0,263.0,272.299988,260.230011,269.700012,265.74870440259554,267.9415364370312,266.05398489564294
2018-01-26,17557.0,271.48999,274.600006,268.76001,274.600006,271.4580002835606,271.2176393842408,271.4161671340906
2018-01-29,17560.0,274.200012,286.809998,273.920013,284.589996,282.0146211125053,283.19749564684435,281.56715025201555
2018-01-30,17561.0,277.0,282.730011,272.700012,278.799988,277.42905679809894,278.0964921973927,276.77064052838466
2018-01-31,17562.0,281.940002,282.290009,269.579987,270.299988,275.5839021692954,274.279860888047,274.5465928290006
2018-02-01,17563.0,266.410004,271.950012,263.380005,265.070007,267.7904968532728,268.0408268379383,266.7769061849348
2018-02-02,17564.0,263.0,270.619995,262.709991,267.429993,267.30427824158664,267.8239151570688,267.2866024005514
2018-02-05,17567.0,262.0,267.899994,250.029999,254.259995,260.30789787260187,259.2726241332763,255.80825433149488
2018-02-06,17568.0,247.699997,266.700012,245.0,265.720001,259.0404559026019,260.88706442237174,260.879831603194
2018-02-07,17569.0,266.579987,272.450012,264.329987,264.559998,267.7904968532728,268.89590452974005,267.3494042648049
2018-02-08,17570.0,267.079987,267.619995,250.0,250.100006,259.45087690426857,257.1547135033745,254.57294892611762
2018-02-09,17571.0,253.850006,255.800003,236.110001,249.470001,247.0633448407229,244.80442669329915,251.56123357081265
2018-02-12,17574.0,252.139999,259.149994,249.0,257.950012,255.3907972505077,254.99154777899662,255.99023060494793
2018-02-13,17575.0,257.290009,261.410004,254.699997,258.269989,256.09984578209503,257.98164906964234,256.73733081740704
2018-02-14,17576.0,260.470001,269.880005,260.329987,266.0,265.5584958421789,266.8863426774822,265.11219686643943
2018-02-15,17577.0,270.029999,280.5,267.630005,280.269989,273.48347617074876,276.12971997257745,275.6160357627908
2018-02-16,17578.0,278.730011,281.959991,275.690002,278.519989,278.07941570086035,278.37583201203245,277.22771514747836
2018-02-20,17582.0,277.73999,285.809998,276.609985,278.549988,282.62448596362236,282.4613624449489,281.6145423990107
2018-02-21,17583.0,282.070007,286.640015,280.01001,281.040009,283.6293672333198,283.34660644331274,285.20445420899733
2018-02-22,17584.0,283.880005,284.5,274.450012,278.140015,279.9438320388419,277.97339654624363,274.83303822647514
2018-02-23,17585.0,281.0,286.0,277.809998,285.929993,283.78596669294865,282.0508462703883,283.41694895054263
2018-02-26,17588.0,288.75,295.649994,287.01001,294.160004,291.25849720658016,292.13607635747906,290.7101949608864
2018-02-27,17589.0,294.769989,297.359985,290.589996,290.609985,293.4441141691296,293.23519071342355,294.0591412978736
2018-02-28,17590.0,293.100006,295.75,290.779999,291.380005,293.24991303527884,292.5928961494455,291.9787302229663
2018-03-01,17591.0,292.75,295.25,283.829987,290.390015,289.6660208177592,288.6671391879542,289.96596402059424
2018-03-02,17592.0,284.649994,301.179993,283.230011,301.049988,290.6479959129782,296.3213050269687,293.8543199691729
2018-03-05,17595.0,302.850006,316.910004,297.600006,315.0,311.40571788920226,310.3877172226672,310.9677971408537
2018-03-06,17596.0,319.880005,325.790009,316.5,325.220001,322.19765812891626,321.486223836925,321.2523964333941
2018-03-07,17597.0,320.0,323.73999,314.549988,321.160004,319.7194127705467,318.69703150734995,319.11180247269886
2018-03-08,17598.0,322.200012,322.920013,314.130005,317.0,317.4786626783565,316.97888822220983,318.27341436575927
2018-03-09,17599.0,321.329987,331.440002,320.230011,331.440002,327.3551669648483,327.6594781981303,326.71729840872376
2018-03-12,17602.0,333.559998,333.980011,318.600006,321.299988,324.9552548446244,324.451739676989,324.7529837132594
2018-03-13,17603.0,323.869995,325.839996,313.279999,315.880005,319.4695073198522,318.37884214805007,319.77126115440956
2018-03-14,17604.0,318.160004,323.880005,317.700012,321.549988,321.4204464154761,321.1377962149558,320.5926348955654
2018-03-15,17605.0,323.170013,323.399994,318.140015,321.089996,321.06725579577517,319.12295226930814,320.32323340496515
2018-03-16,17606.0,321.420013,324.109985,318.369995,318.450012,321.4204464154761,320.4838319735411,320.8109719178166
2018-03-19,17609.0,315.799988,317.0,307.339996,313.480011,313.5900480757831,310.797357235843,312.94079364556035
2018-03-20,17610.0,313.26001,319.5,312.799988,317.5,317.3001859059351,316.68952219583747,318.2007571238697
2018-03-21,17611.0,316.350006,319.399994,314.51001,316.480011,316.4609557098709,316.36398909349657,318.335339858411
2018-03-22,17612.0,313.070007,314.119995,305.660004,306.700012,309.2750006446122,308.49784239039593,310.6834413746619
2018-03-23,17613.0,307.410004,309.369995,300.359985,300.940002,303.87012597880965,303.8082509202319,303.8437827089504
2018-03-26,17616.0,309.359985,321.029999,302.0,320.350006,315.79307379583935,313.7641526122325,315.5621348549158
2018-03-27,17617.0,322.48999,322.899994,297.0,300.690002,310.91912557690813,307.89989767694544,308.7240126948576
2018-03-28,17618.0,298.390015,298.799988,281.609985,285.769989,287.6379166550524,288.42246865208597,290.4183806620787
2018-03-29,17619.0,287.0,295.350006,275.899994,295.350006,285.10317594612036,286.718224132391,283.887130657572
2018-04-02,17623.0,291.940002,292.869995,275.049988,280.290009,282.5770479815266,282.3711548840599,279.532488841753
2018-04-03,17624.0,285.450012,291.25,278.01001,283.670013,284.97163362345793,284.93961415504197,286.0325648006983
2018-04-04,17625.0,273.630005,290.309998,271.220001,288.940002,283.16013478984513,284.941538352915,284.4713586661677
2018-04-05,17626.0,293.149994,299.160004,289.109985,293.970001,293.5364578659659,294.57186388822015,294.09966975722574
2018-04-06,17627.0,289.100006,298.850006,285.649994,288.850006,290.3841908667602,293.9901124218962,293.2581172385677
2018-04-09,17630.0,291.769989,299.549988,289.119995,289.929993,293.3968968595557,295.4124255297638,294.12774767522325
2018-04-10,17631.0,297.679993,298.950012,291.690002,298.070007,296.1962627221903,294.0794845205311,295.82033803017936
2018-04-11,17632.0,302.880005,311.640015,301.820007,303.670013,304.7550741844301,308.1468275442521,307.55814712086203
2018-04-12,17633.0,309.720001,311.130005,306.75,309.25,309.410657331439,307.78171513601444,310.06941639982585
2018-04-13,17634.0,317.290009,317.48999,308.230011,311.649994,313.5900480757831,311.12763795949326,313.6273292877315
2018-04-16,17637.0,315.98999,316.100006,304.0,307.779999,310.49262780097513,308.22380687675553,311.87113508653175
2018-04-17,17638.0,329.660004,338.619995,323.769989,336.059998,333.3760993971015,332.4933594025644,333.7987222312569
2018-04-18,17639.0,336.299988,338.820007,331.100006,334.519989,334.6508398969966,334.0541448033333,334.2377430282421
2018-04-19,17640.0,332.880005,335.309998,326.769989,332.700012,330.2684785609042,330.0924043955657,328.6704637695532
2018-04-20,17641.0,332.220001,336.51001,326.0,327.769989,331.2244441547037,330.94248510668547,334.05920528692553
2018-04-23,17644.0,329.149994,331.220001,317.079987,318.690002,323.4099401602815,322.9541554502922,324.46149030336505
2018-04-24,17645.0,319.220001,320.25,302.309998,307.019989,313.17179243902046,309.64679000382375,312.1840302261311
2018-04-25,17646.0,306.369995,309.980011,292.619995,305.76001,299.0080972273841,300.6573914412641,299.13621423505606
2018-04-26,17647.0,310.0,316.630005,305.579987,313.980011,313.2799028801904,311.69685613847116,313.5965675099448
2018-04-27,17648.0,316.25,317.450012,306.5,311.76001,313.5900480757831,310.57166280828466,312.78643807332867
2018-04-30,17651.0,311.070007,317.880005,310.119995,312.459991,315.1879645326935,314.7294336018668,316.1764480153637
2018-05-01,17652.0,310.359985,313.480011,306.690002,313.299988,310.7353957365407,309.4933513608998,311.33455177725176
2018-05-02,17653.0,311.649994,317.100006,310.399994,313.359985,314.5312762190634,314.0061379963276,315.73952788801904
2018-05-03,17654.0,312.589996,312.589996,305.730011,311.690002,309.16253661246935,307.4229130546759,310.0488249936873
2018-05-04,17655.0,308.709991,320.980011,307.670013,320.089996,316.6848547876585,316.92519256213023,315.9962575109763
2018-05-07,17658.0,321.98999,329.019989,319.339996,326.26001,323.62888924368195,324.9145915520888,324.50518575840385
2018-05-08,17659.0,325.899994,327.350006,323.049988,326.890015,325.5958558516703,324.0118001686542,325.49938370061125
2018-05-09,17660.0,328.790009,331.950012,327.51001,330.299988,330.0281358720764,329.1537538228843,328.0259570093769
2018-05-10,17661.0,331.5,332.059998,327.339996,329.600006,330.0281358720764,328.1617236453189,327.831327629118
2018-05-11,17662.0,329.649994,331.26001,324.869995,326.459991,327.3068070501133,326.8767473465676,327.5471225765565
2018-05-14,17665.0,327.25,330.5,327.040009,328.529999,328.40790096051484,328.25331156156426,327.831327629118
2018-05-15,17666.0,325.940002,326.940002,322.429993,326.130005,325.42467249833703,323.32783888050767,324.12352005909804
2018-05-16,17667.0,326.279999,329.720001,325.140015,328.190002,326.78017944009196,326.9598225934455,327.7488073328811
2018-05-17,17668.0,327.529999,330.450012,323.170013,325.220001,326.60694100351134,326.08511385411975,326.7308754976845
2018-05-18,17669.0,324.899994,326.420013,322.799988,324.179993,325.42467249833703,323.46569346133947,323.8707767639431
2018-05-21,17672.0,327.109985,331.880005,325.450012,331.820007,329.04832100543683,328.635143596351,328.2127805190413
2018-05-22,17673.0,334.049988,336.630005,331.149994,331.619995,332.5614343608064,333.0635273906477,333.1383447306831
2018-05-23,17674.0,329.040009,345.0,328.089996,344.720001,341.1840497948201,340.3501321419317,341.15774251216635
2018-05-24,17675.0,344.339996,354.0,341.119995,349.290009,349.8017890088872,349.11646022770236,348.7514364057997
2018-05-25,17676.0,349.899994,354.359985,348.829987,351.290009,351.47863904390357,351.4073747825221,351.60266041946426
2018-05-29,17680.0,351.5,356.100006,346.709991,349.730011,352.24773810061015,351.17583730796616,353.1208419120175
2018-05-30,17681.0,352.369995,354.0,349.26001,353.540009,351.47863904390357,350.42161917321846,351.30764754022755
2018-05-31,17682.0,353.799988,355.529999,350.209991,351.600006,351.93148408600615,351.6807489964088,353.71731046720254
2018-06-01,17683.0,353.880005,359.98999,352.820007,359.929993,357.9694220520721,356.7701313732643,357.87364870589784
2018-06-04,17686.0,362.679993,363.0,355.51001,361.809998,359.9500457276611,357.4768193458817,358.756450573136
2018-06-05,17687.0,363.320007,369.829987,361.410004,365.799988,365.97030443864094,366.07542696213443,365.9836691937728
2018-06-06,17688.0,367.779999,369.679993,363.329987,367.450012,366.6533043099612,365.3142075888459,366.4981843559784
2018-06-07,17689.0,368.540009,368.700012,357.799988,361.399994,363.46359043704894,361.3189526736064,362.2081351957584
2018-06-08,17690.0,358.059998,362.390015,356.25,360.570007,360.9276830525054,359.04774299636864,359.50801479096776
2018-06-11,17693.0,361.880005,365.670013,360.910004,361.450012,362.3404892771796,362.84140563304567,362.2035433365915
2018-06-12,17694.0,363.600006,365.980011,362.0,363.829987,362.6212871891988,363.0402245464046,362.0093421027657
2018-06-13,17695.0,367.529999,384.25,364.109985,379.929993,377.9379780731575,378.07836511135815,377.07274272039774
2018-06-14,17696.0,384.269989,395.029999,383.25,392.869995,391.38383796773144,391.00826044582743,390.24389537025286
2018-06-15,17697.0,390.709991,398.859985,387.51001,391.980011,394.584851723575,394.09310424388855,395.8966500093784
2018-06-18,17700.0,387.720001,393.160004,386.5,390.399994,386.2557719417728,389.8656358539582,386.3260478279939
2018-06-19,17701.0,389.5,405.290009,388.5,404.980011,399.6205902155237,400.46782475623394,399.1818756138123
2018-06-20,17702.0,415.149994,419.470001,409.600006,416.76001,416.81348651498877,414.0106074973855,415.6642352137781
2018-06-21,17703.0,421.380005,423.209991,406.369995,415.440002,417.1581398987876,413.181058099355,410.92661123497675
2018-06-22,17704.0,419.980011,420.5,409.649994,411.089996,417.1351584710998,413.12907033345886,410.8130664805353
2018-06-25,17707.0,404.690002,405.98999,378.75,384.480011,397.78580276683675,390.3784837819567,396.8613328075829
2018-06-26,17708.0,393.279999,404.779999,389.049988,399.390015,399.56513545334417,398.9371702202243,398.0228584450541
2018-06-27,17709.0,407.559998,411.589996,390.0,390.390015,401.9195328959743,399.91936854342396,396.50202617926675
2018-06-28,17710.0,395.0,396.899994,387.100006,395.420013,394.6522521389596,390.65262933731407,392.7566502684855
2018-06-29,17711.0,399.190002,401.329987,390.549988,391.429993,395.8816099000868,394.6457688515806,395.0695646840833
2018-07-02,17714.0,385.450012,398.380005,380.0,398.179993,394.39413023254934,391.6954974021355,395.40183739546643
2018-07-03,17715.0,399.48999,399.980011,389.5,390.519989,395.8816099000868,392.8502472479826,394.4416517119363
2018-07-05,17717.0,393.799988,399.23999,390.859985,398.390015,396.5332078527654,395.02899699457225,395.0468766918953
2018-07-06,17718.0,397.450012,408.649994,395.519989,408.25,406.0895062502102,404.0451383563217,406.3142197678065
2018-07-09,17721.0,415.950012,419.119995,411.100006,418.970001,416.9511092426811,414.20623743794374,415.6642352137781
2018-07-10,17722.0,417.23999,419.440002,413.079987,415.630005,417.3181924399033,415.0367699636213,415.22704471822664
2018-07-11,17723.0,411.339996,419.769989,410.600006,418.649994,416.9511092426811,416.1858315579566,415.9598926084285
2018-07-12,17724.0,415.160004,416.790009,407.799988,413.5,414.97416704858387,410.80995495360264,415.47567959110665
2018-07-13,17725.0,409.190002,410.0,395.079987,395.799988,406.0895062502102,400.6378806923654,406.21325045956945
2018-07-16,17728.0,398.980011,403.359985,391.75,400.480011,400.51260968233976,397.0590741861826,396.42024957634686
2018-07-17,17729.0,346.950012,385.0,344.0,379.480011,368.5886465933844,375.7578387348732,378.3256764226704
2018-07-18,17730.0,381.23999,383.130005,372.359985,375.130005,376.83532180604834,376.4112592221036,378.67672553805727
2018-07-19,17731.0,371.059998,375.75,363.0,364.230011,367.2171624942432,369.0460405963083,368.2343031051051
2018-07-20,17732.0,364.920013,370.5,360.140015,361.049988,365.51346179647226,365.3875795962449,365.18647635025656
2018-07-23,17735.0,359.149994,363.899994,353.600006,362.660004,359.13513031590827,358.5328729348331,359.9077427072772
2018-07-24,17736.0,366.940002,367.399994,354.559998,357.320007,359.74939301238663,359.1186605377298,358.996195796041
2018-07-25,17737.0,357.570007,363.279999,355.649994,362.869995,361.194999044093,359.6632528015515,359.7444093610917
2018-07-26,17738.0,358.190002,365.540009,356.630005,363.089996,361.520842975758,361.85019642033075,362.0354221394324
2018-07-27,17739.0,366.850006,367.0,351.649994,355.209991,358.39225053034136,357.29367230660444,358.2737217041038
2018-07-30,17742.0,351.929993,352.029999,334.019989,334.959991,340.6000162355285,340.9575050712333,339.30843179113515
2018-07-31,17743.0,331.51001,342.5,328.0,337.450012,338.3609404601786,337.29112092333213,338.47707051150326
2018-08-01,17744.0,335.869995,344.410004,334.019989,338.380005,340.0223923702512,340.44416985184944,340.9354785185927
2018-08-02,17745.0,337.230011,345.0,334.709991,344.5,341.7688914556265,340.8018325718249,341.9244974634632
2018-08-03,17746.0,347.75,347.859985,338.480011,343.089996,342.54874033605915,341.3148913434854,342.25181163309117
2018-08-06,17749.0,342.869995,351.980011,341.73999,350.920013,348.7274353369888,348.28036012949485,348.8585569611836
2018-08-07,17750.0,353.230011,357.309998,349.01001,351.829987,352.38857156309376,352.7611632363719,353.1208419120175
2018-08-08,17751.0,352.209991,352.290009,346.609985,347.609985,350.3385367386302,347.65556221928136,350.44907289721164
2018-08-09,17752.0,347.959991,352.440002,345.820007,349.359985,349.05595434872635,348.93039198125825,350.44907289721164
2018-08-10,17753.0,346.910004,349.100006,344.420013,345.869995,348.39010935344135,345.7727780904768,348.9583389668747
2018-08-13,17756.0,339.890015,347.190002,339.070007,341.309998,343.00239736567465,343.947359556916,343.14552279673245
2018-08-14,17757.0,342.089996,342.410004,336.25,337.48999,338.41296261868007,337.64108591875015,338.4429843451026
2018-08-15,17758.0,334.029999,335.5,321.0,326.399994,328.3050947922831,326.81324123540213,327.213958678767
2018-08-16,17759.0,329.899994,331.170013,321.209991,322.440002,326.3327330026781,324.7956781183895,326.48763717571694
2018-08-17,17760.0,319.01001,324.369995,312.959991,316.779999,318.7276472333351,318.75984544007815,319.2357546868834
2018-08-20,17763.0,314.640015,331.600006,310.929993,327.730011,318.3284778660717,325.39018900257184,321.96796766927264
2018-08-21,17764.0,331.0,341.5,329.700012,338.019989,338.05063477128977,337.52551760584396,337.8556145031142
2018-08-22,17765.0,338.48999,346.209991,337.410004,344.440002,341.9902317580615,342.7689784615976,342.9701257305734
2018-08-23,17766.0,348.109985,350.079987,337.649994,339.170013,341.41879899519864,342.61740739982156,342.3485104281639
2018-08-24,17767.0,346.0,359.149994,344.540009,358.820007,352.2223489627945,354.6295980756323,351.9723737937703
2018-08-27,17770.0,367.149994,374.48999,360.0,364.579987,365.3333101591658,367.85365249668394,366.65558808772926
2018-08-28,17771.0,367.230011,369.98999,360.380005,368.48999,365.12572790578804,364.23497842838515,365.39136885258705
2018-08-29,17772.0,367.200012,369.859985,362.910004,368.040009,366.6533043099612,365.4592546899048,366.42022682727213
2018-08-30,17773.0,365.0,376.809998,363.540009,370.980011,368.38149596644655,372.4472451169938,369.5184635667072
2018-08-31,17774.0,370.660004,376.0,367.079987,367.679993,370.73569743081464,371.53647457005695,370.3907182644337
2018-09-04,17778.0,366.470001,368.880005,361.26001,363.600006,365.1688507542352,364.03994992607653,364.2141876502602
2018-09-05,17779.0,360.0,363.390015,335.829987,341.179993,342.1636817649079,348.50108064827833,342.7120646540748
2018-09-06,17780.0,347.440002,356.0,341.98999,346.459991,349.40708305254867,350.11579247021075,349.3969321399994
2018-09-07,17781.0,342.200012,355.75,341.25,348.679993,349.8017890088872,351.4438069892798,349.9468872469299
2018-09-10,17784.0,352.269989,352.5,343.079987,348.410004,348.6256976273839,345.9647918268177,348.7122944740422
2018-09-11,17785.0,344.670013,356.149994,343.899994,355.929993,351.0325437666071,352.2583790555588,351.646493966065
2018-09-12,17786.0,359.079987,370.429993,356.23999,369.950012,364.59319248579595,365.4355052377065,364.8761567371323
2018-09-13,17787.0,371.910004,374.089996,366.839996,368.149994,370.03626179276387,369.34394706630815,368.75663377967805
2018-09-14,17788.0,368.549988,371.089996,363.459991,364.559998,366.7785173784797,366.28614831034986,366.84575324557284
2018-09-17,17791.0,364.220001,367.329987,349.570007,350.350006,356.3757514144113,357.4503630315173,355.8209718914349
2018-09-18,17792.0,353.670013,368.149994,351.559998,367.649994,361.01544232457695,363.0573563754765,362.47262955690405
2018-09-19,17793.0,373.950012,377.609985,359.170013,366.959991,368.0112893980932,367.54751246876776,369.69061197090764
2018-09-20,17794.0,370.26001,370.26001,363.170013,365.359985,366.6533043099612,364.80758308709414,366.04947830756174
2018-09-21,17795.0,366.589996,372.220001,360.73999,361.190002,365.25094097430656,366.5354834486869,365.39136885258705
2018-09-24,17798.0,359.0,373.640015,354.329987,369.609985,363.06791310856187,367.16842515603753,365.2261924529767
2018-09-25,17799.0,370.230011,371.339996,364.48999,369.429993,366.7785173784797,366.4177855783469,366.8298578588709
2018-09-26,17800.0,373.589996,382.0,370.880005,377.880005,377.526321924185,377.49715380676776,378.32193491446975
2018-09-27,17801.0,379.869995,383.200012,376.0,380.709991,379.7411842531023,378.8765697880084,382.2402045175564
2018-09-28,17802.0,379.23999,380.799988,373.730011,374.130005,375.56495776566317,375.90104281980393,378.0942324421746
2018-10-01,17805.0,375.850006,386.109985,375.589996,381.429993,381.0451968409059,382.5887913288582,382.77795078864006
2018-10-02,17806.0,384.380005,386.799988,373.829987,377.140015,379.8220178995858,379.1153081622431,379.731420035502
2018-10-03,17807.0,378.529999,380.929993,374.880005,377.049988,376.9791377565274,376.87256624723466,379.5750756124582
2018-10-04,17808.0,375.880005,375.920013,360.399994,363.649994,365.72277411350535,366.0588546810519,365.4533467481283
2018-10-05,17809.0,359.769989,363.5,343.0,351.350006,353.96492158748964,352.4266686378379,352.23738219272
2018-10-08,17812.0,345.179993,352.950012,338.109985,349.100006,343.3626828091776,346.3503404920157,343.9817108804565
2018-10-09,17813.0,348.480011,358.720001,347.089996,355.709991,354.2741752836517,354.68955468830626,353.5478492799644
2018-10-10,17814.0,353.519989,355.149994,325.390015,325.890015,340.6676458110093,338.4878323098788,339.53050503739087
2018-10-11,17815.0,324.940002,334.200012,315.809998,321.100006,324.471652176932,326.34554360581586,324.4953710080119
2018-10-12,17816.0,339.570007,341.299988,328.899994,339.559998,336.47021106710446,333.79003599439034,335.0114989423174
2018-10-15,17819.0,337.630005,339.209991,326.929993,333.130005,334.4221525457466,331.7136436799879,333.9605724636739
2018-10-16,17820.0,337.23999,347.950012,330.559998,346.399994,342.2102430025367,341.11175895184095,341.3725349043966
2018-10-17,17821.0,378.329987,380.0,356.5,364.700012,367.3774862302307,366.55412634588515,368.284558082183
2018-10-18,17822.0,360.670013,362.200012,346.049988,346.709991,353.28122929428423,352.5962283780067,354.3592590589708
2018-10-19,17823.0,351.0,355.799988,332.200012,332.670013,341.3105416630927,343.5211678602394,339.9651256440296
2018-10-22,17826.0,333.100006,335.799988,320.339996,329.540009,328.8509470592568,327.06241568104457,327.4364043351226
2018-10-23,17827.0,318.0,336.579987,316.769989,333.160004,327.04537958433616,331.4007641483754,331.92443392367716
2018-10-24,17828.0,332.279999,333.0,300.730011,301.829987,315.35919108607686,314.75464880455075,306.23609039219764
2018-10-25,17829.0,307.119995,319.940002,305.25,312.869995,315.1071983521384,315.368773705737,315.35651136728814
2018-10-26,17830.0,300.51001,313.98999,292.299988,299.829987,299.3353360027601,306.01867730818793,301.47081616261715
2018-10-29,17833.0,305.26001,307.890015,275.399994,284.839996,287.1267599724842,290.30330429869355,289.37255259977917
2018-10-30,17834.0,275.570007,290.519989,271.209991,285.809998,283.16013478984513,284.4002553664588,284.4713586661677
2018-10-31,17835.0,297.769989,311.5,295.049988,301.779999,299.6156022994241,306.36715890410017,302.1474529512961
2018-11-01,17836.0,304.589996,318.450012,296.670013,317.380005,311.8501554829523,310.5585171218411,311.85884327364516
2018-11-02,17837.0,318.0,321.880005,308.329987,309.100006,315.1840788039522,314.6143936102463,314.13749382885123
2018-11-05,17840.0,311.100006,317.529999,303.73999,315.440002,313.7914950587971,311.0883120108566,313.1989833601633
2018-11-06,17841.0,314.76001,320.220001,305.299988,310.839996,313.33151647853094,312.82343871301447,313.25647393539464
2018-11-07,17842.0,312.899994,328.559998,311.0,327.5,320.1928315374482,323.5071515857894,322.7635956573009
2018-11-08,17843.0,328.0,332.049988,316.609985,317.920013,324.2313094881042,323.82963234929645,324.1837768935362
2018-11-09,17844.0,311.070007,312.980011,298.01001,303.470001,304.55600120625843,304.2736733081475,306.46549244476387
2018-11-12,17847.0,300.0,302.48999,290.630005,294.070007,294.47943108011833,295.6527070924219,295.4531390227043
2018-11-13,17848.0,295.0,303.549988,289.100006,294.399994,293.5364578659659,297.582234383107,294.71673276117406
2018-11-14,17849.0,300.399994,301.839996,278.299988,286.730011,286.83712542967845,288.51244394981194,290.8231072018222
2018-11-15,17850.0,285.51001,292.5,282.160004,290.059998,287.3367587064753,288.13939816001874,287.31273488979843
2018-11-16,17851.0,287.140015,291.720001,281.0,286.209991,285.2424999040783,286.2774598479524,286.6715416584059
2018-11-19,17854.0,283.790009,285.089996,269.149994,270.600006,278.4611531899028,275.73224385725604,275.0646537519242
2018-11-20,17855.0,254.630005,276.339996,250.0,266.980011,261.5355725764335,269.069384439765,263.1083959999765
2018-11-21,17856.0,274.420013,275.339996,261.51001,262.130005,266.15550540597377,266.97365059036895,265.8047233574919
2018-11-23,17858.0,260.109985,265.5,256.839996,258.820007,260.71923561056775,261.5071171149773,259.47674113665914
2018-11-26,17861.0,260.549988,266.25,253.800003,261.429993,259.95719371474473,260.38745774576006,259.67896906135087
2018-11-27,17862.0,259.23999,269.079987,256.140015,266.630005,263.9737854373737,264.47433358105565,264.02993921372234
2018-11-28,17863.0,271.980011,284.0,263.339996,282.649994,275.43520879523106,276.11658207857533,279.10535755280375
2018-11-29,17864.0,282.320007,290.48999,275.5,288.75,284.3630646878339,284.1376817350758,285.21084289485697
2018-11-30,17865.0,288.0,290.809998,283.059998,286.130005,287.72657091805877,286.27243834567935,288.0253593841863
2018-12-03,17868.0,293.190002,298.720001,284.579987,290.299988,290.2978450753866,291.8184949189898,293.0840144896995
2018-12-04,17869.0,288.130005,295.73999,274.720001,275.329987,283.9818589496414,286.0144002480516,280.16266748995037
2018-12-06,17871.0,268.329987,283.220001,267.140015,282.880005,277.7146669285372,278.78778648764114,278.9757729930385
2018-12-07,17872.0,282.480011,284.209991,263.380005,265.140015,274.85795133319345,272.4562587494282,270.73474138703483
2018-12-10,17875.0,264.190002,271.179993,260.609985,269.700012,265.51795877426224,266.7601741981956,265.4376142863188
2018-12-11,17876.0,274.079987,274.5,262.76001,265.320007,267.97885398076573,267.0450089820547,268.1825534806941
2018-12-12,17877.0,267.660004,281.769989,266.480011,274.880005,274.6069418801102,277.4683376995237,275.3687494642765
2018-12-13,17878.0,277.640015,279.320007,271.850006,276.019989,273.42585660329746,274.54652710562726,273.4784824199604
2018-12-14,17879.0,271.809998,277.670013,265.0,266.839996,269.5832812819191,271.7185434165051,270.4603080936539
2018-12-17,17882.0,266.51001,272.980011,261.079987,262.799988,265.4042586531084,267.6686454962258,265.23342839711177
2018-12-18,17883.0,263.299988,275.75,263.290009,270.940002,269.3889546204812,272.33518182940827,268.6841205153662
2018-12-19,17884.0,269.959991,280.869995,263.769989,266.769989,270.97956454451685,274.4488693224515,271.13969071526526
2018-12-20,17885.0,264.640015,269.899994,251.880005,260.579987,260.9142293849057,260.95332160575856,259.99096058128885
2018-12-21,17886.0,263.829987,264.5,241.289993,246.389999,252.62130917657015,251.1689509029357,251.38474722162564
2018-12-24,17889.0,242.0,250.649994,233.679993,233.880005,239.74764723800217,243.55295375218742,239.6618451213589
2018-12-26,17891.0,233.919998,254.5,231.229996,253.669998,245.72999283828466,248.48171628835388,252.333949207991
2018-12-27,17892.0,250.110001,255.589996,240.100006,255.570007,249.166901131456,248.0878167815745,252.23211100702937
2018-12-28,17893.0,257.940002,261.910004,249.800003,256.079987,256.2849040678093,255.60198077753643,254.9181460388323
2018-12-31,17896.0,260.160004,270.100006,260.0,267.660004,265.74870440259554,267.01291586643697,265.11840859668354
2019-01-02,17898.0,259.279999,269.75,256.579987,267.660004,263.9737854373737,265.25364438482234,264.1309643848183
2019-01-03,17899.0,270.200012,275.790009,264.429993,271.200012,269.3889546204812,270.4295773892361,268.78346658702964
2019-01-04,17900.0,281.880005,297.799988,278.540009,297.570007,288.3710575500249,292.0419701147495,292.96582029966714
2019-01-07,17903.0,302.100006,316.799988,301.649994,315.339996,313.04908352511194,312.6880212553614,311.9576789255587
2019-01-08,17904.0,319.980011,320.589996,308.01001,320.269989,314.35267989083957,312.63371203393274,313.74982064483964
2019-01-09,17905.0,317.709991,323.350006,313.5,319.959991,318.4098082405573,318.66123684715365,318.2964174057937
2019-01-10,17906.0,314.570007,325.369995,312.5,324.660004,319.6645829862858,320.99251130464404,320.26501550145264
2019-01-11,17907.0,330.959991,341.089996,328.519989,337.589996,336.5330096466831,336.57817337309683,337.4552468474474
2019-01-14,17910.0,334.23999,335.480011,329.130005,332.940002,330.6450143026887,330.96963757163326,328.89665157993807
2019-01-15,17911.0,349.600006,357.220001,347.0,354.640015,352.96898395196223,352.96833924510713,353.1790395872178
2019-01-16,17912.0,354.0,358.850006,348.109985,351.390015,353.931197559014,353.30403681891227,353.1738353709441
2019-01-17,17913.0,349.5,355.790009,346.410004,353.190002,350.99482785678214,351.4929168720484,352.5968981602197
2019-01-18,17914.0,351.970001,353.0,336.730011,339.100006,341.91025791139907,343.17612115497514,342.74858376751394
2019-01-22,17918.0,334.890015,336.880005,321.029999,325.160004,330.16401085248407,327.6745694160156,329.79609162317035
2019-01-23,17919.0,328.25,331.75,318.600006,321.98999,324.00532701718953,324.5256418942294,324.86995932676626
2019-01-24,17920.0,320.600006,331.799988,319.0,326.670013,325.4060036190017,327.5876661174959,325.1414099555401
2019-01-25,17921.0,328.720001,340.0,328.51001,338.049988,336.5330096466831,336.4784732709944,336.79425289171536
2019-01-28,17924.0,334.700012,336.299988,328.880005,335.660004,331.418898459406,331.3601394389508,330.9771542817886
2019-01-29,17925.0,335.869995,338.220001,328.149994,328.899994,332.69759488059805,332.164802018506,333.0849411108221
2019-01-30,17926.0,332.75,341.779999,330.799988,340.660004,338.05063477128977,337.6932794837143,337.8556145031142
2019-01-31,17927.0,339.679993,345.98999,338.089996,339.5,342.54969622612174,342.5020488190861,343.14552279673245
2019-02-01,17928.0,337.179993,346.839996,336.5,339.850006,342.1233796705074,343.30487358996567,342.6613996044903
2019-02-04,17931.0,342.600006,352.0,341.299988,351.339996,348.92034887210787,348.1663541914356,348.6917579138418
2019-02-05,17932.0,353.200012,360.0,352.899994,355.809998,357.9694220520721,357.07022382007403,357.9220311854349
2019-02-06,17933.0,357.0,357.040009,347.190002,352.190002,352.6260062273245,350.1971902894313,352.4075057114717
2019-02-07,17934.0,347.899994,348.75,339.019989,344.709991,342.54874033605915,342.29126367026424,342.3354647918162
2019-02-08,17935.0,338.0,348.0,338.0,347.570007,343.9754331035936,344.7642319624372,343.7408661006237
2019-02-11,17938.0,350.0,352.869995,344.809998,345.730011,348.6919327621879,348.01475241644124,349.7062538805086
2019-02-12,17939.0,348.089996,360.0,346.519989,359.970001,355.5737417792135,355.61231477006834,355.6732896883952
2019-02-13,17940.0,357.299988,359.600006,350.279999,351.769989,355.0685955829331,353.8573360824256,355.1377358362247
2019-02-14,17941.0,351.75,360.450012,348.329987,359.070007,355.7437591880597,355.5925975648281,355.6732896883952
2019-02-15,17942.0,358.470001,364.399994,355.5,356.869995,360.1619737010061,360.1969240793168,361.1597444526816
2019-02-19,17946.0,355.799988,365.0,355.320007,361.920013,359.72535865042244,361.5889271212384,361.853586177608
2019-02-20,17947.0,364.850006,366.709991,356.700012,359.910004,361.520842975758,360.4245679076839,360.7996105552817
2019-02-21,17948.0,360.029999,362.850006,353.880005,356.970001,358.01504791806923,357.4720748726792,357.59679952280777
2019-02-22,17949.0,360.339996,366.130005,360.049988,363.019989,362.3404892771796,363.3448366875422,362.19244637484854
2019-02-25,17952.0,367.01001,371.48999,363.790009,363.910004,366.7785173784797,367.36121538824807,367.00482176246936
2019-02-26,17953.0,362.980011,365.700012,359.329987,364.970001,362.3404892771796,361.63644845406634,361.41844389048765
2019-02-27,17954.0,363.5,368.029999,359.799988,362.869995,363.48778560826486,363.6524073127914,363.7148998799321
2019-02-28,17955.0,362.470001,366.390015,357.709991,358.100006,361.520842975758,361.5577245492502,361.349229301654
2019-03-01,17956.0,362.26001,362.869995,354.690002,357.320007,358.1488415156333,357.0929981717416,357.5680453282886
2019-03-04,17959.0,359.720001,362.25,348.040009,351.040009,355.2472269430663,354.0277543790942,354.72817549576155
2019-03-05,17960.0,351.459991,356.170013,348.25,354.299988,352.96898395196223,352.054586258804,353.1208419120175
2019-03-06,17961.0,353.600006,359.880005,351.700012,359.609985,357.84513237945305,356.1948944989811,357.81125567190963
2019-03-07,17962.0,360.160004,362.859985,350.5,352.600006,355.62656901379535,355.66563543714625,355.6147643307615
2019-03-08,17963.0,345.75,349.920013,342.470001,349.600006,348.5587048530145,345.8697806363797,348.3096883185484
2019-03-11,17966.0,352.0,358.980011,350.029999,358.859985,354.8245817947973,355.15211443039175,354.7939295138585
2019-03-12,17967.0,359.369995,360.130005,353.799988,356.269989,358.4060371026557,355.38314582211376,356.97809708006235
2019-03-13,17968.0,355.809998,362.480011,352.769989,361.209991,357.9694220520721,358.1308582851235,358.3244856625339
2019-03-14,17969.0,360.5,363.839996,358.100006,358.820007,361.520842975758,360.33894449357103,361.52244121761464
2019-03-15,17970.0,361.019989,364.0,358.890015,361.459991,362.08392857312555,360.69558914955144,362.08492936954553
2019-03-18,17973.0,362.470001,370.970001,361.859985,363.440002,366.0193200933285,367.58261789309483,366.61854223467384
2019-03-19,17974.0,366.399994,366.959991,356.799988,358.779999,361.7526252330897,360.11776633275326,360.27218729478614
2019-03-20,17975.0,358.910004,375.899994,357.01001,375.220001,365.19977963132305,370.5049827571094,367.32230089344466
2019-03-21,17976.0,374.0,379.0,370.609985,377.869995,373.4124601177098,374.6800458230965,373.6613507424924
2019-03-22,17977.0,375.950012,376.429993,360.040009,361.01001,365.84355686274773,366.27421448857,365.2621352559799
2019-03-25,17980.0,359.0,367.040009,357.440002,366.230011,362.231250258557,363.2386943560096,362.6775350689363
2019-03-26,17981.0,367.869995,368.380005,358.019989,359.970001,362.98961846390415,361.4107814535685,362.2081351957584
2019-03-27,17982.0,361.0,362.470001,350.369995,353.369995,355.62656901379535,354.96075511913364,355.6147643307615
2019-03-28,17983.0,354.48999,355.940002,349.200012,354.609985,351.7455280760464,351.24432978150753,352.1794526683667
2019-03-29,17984.0,357.160004,358.25,353.709991,356.559998,356.5116659477976,354.5655880760543,355.4599538460621
2019-04-01,17987.0,359.0,368.329987,358.51001,366.959991,363.50176557177167,364.8839540033189,364.60947802620785
2019-04-02,17988.0,366.25,368.420013,362.220001,367.720001,365.21180144795443,364.2354644327827,364.79458728109
2019-04-03,17989.0,369.26001,373.410004,366.190002,369.75,369.1807041763194,369.4054202960364,368.0794376928572
2019-04-04,17990.0,370.070007,372.049988,362.399994,367.880005,366.7749816507768,365.9815686755176,366.1189121166358
2019-04-05,17991.0,369.0,369.799988,364.660004,365.48999,366.6533043099612,365.6622864832424,366.6742165678586
2019-04-08,17994.0,365.109985,365.940002,359.929993,361.410004,362.3404892771796,361.3695336709463,361.49336636326893
2019-04-09,17995.0,360.540009,366.73999,359.0,364.709991,362.3157108304573,363.2358745769488,362.12089756632105
2019-04-10,17996.0,365.790009,368.850006,362.25,363.920013,365.53994981229573,364.7821148141071,365.1795830801005
2019-04-11,17997.0,365.0,370.119995,360.809998,367.649994,365.7687226377766,365.3885834491068,365.4825701262982
2019-04-12,17998.0,360.690002,361.75,349.359985,351.140015,355.00979227883556,353.9405511948266,354.2973221378061
2019-04-15,18001.0,350.709991,352.209991,342.269989,348.869995,348.0781574540186,345.87039261058726,347.9904665546991
2019-04-16,18002.0,355.0,364.480011,352.720001,359.459991,358.69851526532466,360.0858703330213,361.4803240372418
2019-04-17,18003.0,365.049988,368.76001,350.600006,354.73999,358.9887309980521,358.88762965413287,358.48695224275525
2019-04-18,18004.0,355.0,360.410004,351.640015,360.350006,357.84513237945305,356.0952641656836,357.7443531577161
2019-04-22,18008.0,359.700012,377.690002,359.0,377.339996,369.34296537483556,372.7618462207354,371.8820241844327
2019-04-23,18009.0,375.450012,384.799988,374.709991,381.890015,380.14469096575164,381.17298359831216,380.29328252565733
2019-04-24,18010.0,381.070007,381.899994,373.269989,374.230011,377.06517480476043,375.9140876538107,378.78179283278416
2019-04-25,18011.0,374.48999,374.76001,365.700012,368.329987,368.7310501660826,368.36399441672165,368.5633544160779
2019-04-26,18012.0,368.350006,375.140015,366.23999,374.850006,370.2832815590081,371.2221778584013,369.5887835900122
2019-04-29,18015.0,373.679993,374.579987,369.119995,371.829987,371.13038973513244,370.2980460811246,369.2071345786758
2019-04-30,18016.0,369.559998,374.5,368.350006,370.540009,370.4311564590081,371.34196951011864,369.6347150995647
2019-05-01,18017.0,374.0,385.98999,373.170013,378.809998,378.65302600426855,381.902358554855,379.498267866113
2019-05-02,18018.0,378.0,383.5,374.51001,379.059998,377.89925637052704,379.0372101440623,379.8889869052022
2019-05-03,18019.0,381.529999,385.029999,378.269989,385.029999,380.7310277375725,380.9938084235466,382.25358726287425
2019-05-06,18022.0,377.690002,381.350006,376.0,378.670013,378.99369467300335,378.1202925772366,382.655134188578
2019-05-07,18023.0,377.0,379.910004,365.809998,370.459991,370.7684719819533,371.8343277929167,371.11746059131576
2019-05-08,18024.0,367.920013,369.0,361.359985,364.369995,365.3809887470924,363.6604482894352,364.43582894735675
2019-05-09,18025.0,360.899994,364.200012,352.75,362.75,358.7441411313218,357.69803250821974,359.1139626808382
2019-05-10,18026.0,361.619995,365.26001,353.059998,361.040009,358.7441411313218,358.4878195842888,359.1139626808382
2019-05-13,18029.0,352.290009,354.26001,343.100006,345.26001,349.28198874553595,347.44941598307827,349.02098876575013
2019-05-14,18030.0,348.709991,349.950012,342.5,345.609985,347.66009490027216,344.8231301213656,347.918627565049
2019-05-15,18031.0,343.339996,356.5,341.390015,354.98999,350.8280983655494,351.7294674709592,350.86925772948007
2019-05-16,18032.0,356.369995,364.0,353.940002,359.309998,358.69851526532466,359.8162567559797,361.3364384657568
2019-05-17,18033.0,356.390015,359.619995,353.790009,354.450012,357.02045943662336,356.04355109088635,356.30245579033806
2019-05-20,18036.0,351.230011,352.420013,345.399994,348.109985,349.05595434872635,347.4924827675452,349.60212378690215
2019-05-21,18037.0,350.950012,356.429993,349.929993,354.269989,353.3483260226912,353.3391121509443,354.2257047309066
2019-05-22,18038.0,358.01001,370.459991,357.299988,359.730011,364.59319248579595,366.4080655127867,364.5646994337917
2019-05-23,18039.0,355.5,357.420013,347.700012,352.209991,352.6260062273245,351.3348415163,352.5320707035632
2019-05-24,18040.0,355.410004,359.440002,353.790009,354.390015,356.6827303882143,356.2521236845756,355.8962543121882
2019-05-28,18044.0,354.390015,361.200012,353.649994,355.059998,357.9694220520721,358.0352111462522,358.08342091451857
2019-05-29,18045.0,353.600006,353.850006,345.899994,349.190002,349.41800506372635,348.0867964523794,350.96565523846317
2019-05-30,18046.0,350.549988,354.209991,348.299988,351.850006,351.71607370813433,350.7652042920819,351.48901915672803
2019-05-31,18047.0,347.220001,349.339996,342.920013,343.279999,347.8587084873875,345.0766890233911,348.3096883185484
2019-06-03,18050.0,343.559998,347.660004,332.649994,336.630005,339.9487986514114,339.6381402390096,338.8335286691519
2019-06-04,18051.0,345.0,353.609985,343.25,353.399994,349.41617842659684,349.6592247768321,350.15741024986204
2019-06-05,18052.0,354.380005,357.880005,348.709991,355.730011,353.6937628947832,352.6615835667152,352.96149647118096
2019-06-06,18053.0,354.839996,358.209991,352.089996,357.130005,356.5116659477976,354.53741194449265,355.583561243569
2019-06-07,18054.0,357.390015,365.149994,355.690002,360.869995,361.31182885353576,361.32439889980515,361.72880955001335
2019-06-10,18057.0,363.649994,367.100006,349.290009,352.01001,356.3757514144113,357.31982680649344,355.8472713185152
2019-06-11,18058.0,355.0,357.579987,348.5,351.269989,352.38857156309376,352.0714513568745,352.75832089450194
2019-06-12,18059.0,351.820007,353.609985,343.230011,345.559998,348.6256976273839,347.1429070629327,349.29832422707096
2019-06-13,18060.0,347.230011,348.5,339.25,343.429993,342.54874033605915,342.44724371786504,342.3354647918162
2019-06-14,18061.0,341.630005,343.399994,336.160004,339.730011,338.5238263621866,338.5963883815735,339.87022228700823
2019-06-17,18064.0,342.690002,351.769989,342.059998,350.619995,348.7274353369888,348.3370063427052,348.59198004935604
2019-06-18,18065.0,355.570007,361.5,353.75,357.119995,357.9694220520721,357.906450594798,358.18713102843515
2019-06-19,18066.0,361.720001,364.73999,356.119995,363.519989,361.520842975758,359.6131112046131,361.349229301654
2019-06-20,18067.0,365.910004,370.119995,361.220001,365.209991,365.3809887470924,365.26857191116596,365.6025868275186
2019-06-21,18068.0,365.0,371.450012,365.0,369.209991,368.0819634597775,368.6986841733126,367.38316805841134
2019-06-24,18071.0,370.269989,375.0,370.200012,371.040009,370.89187215120387,372.4691666072589,370.1867000383073
2019-06-25,18072.0,370.75,371.0,358.290009,360.299988,364.00387679424733,362.6991704054626,363.4362835905472
2019-06-26,18073.0,361.600006,366.790009,361.600006,362.200012,362.6212871891988,364.24779244304284,362.2663701785251
2019-06-27,18074.0,363.200012,370.850006,363.200012,370.019989,367.2426200015098,367.913951413678,366.74843872279587
2019-06-28,18075.0,370.26001,371.540009,364.869995,367.320007,366.90620356376405,366.77379414198356,366.8799590658844
2019-07-01,18078.0,373.5,376.660004,372.0,374.600006,372.18201216011744,373.62073643370474,371.6361548585104
2019-07-02,18079.0,374.890015,376.0,370.309998,375.429993,371.8578284504049,371.6709011486114,370.3575058182049
2019-07-03,18080.0,376.690002,381.98999,375.839996,381.720001,380.02740397526674,378.94278698262474,382.655134188578
2019-07-05,18082.0,378.290009,381.399994,375.559998,380.549988,379.0862199483025,377.71187709231805,382.1960707789833
2019-07-08,18085.0,378.190002,378.25,375.359985,376.160004,374.10279537357263,374.9925019992369,375.88183736236635
2019-07-09,18086.0,379.059998,384.76001,377.5,379.929993,380.7310277375725,381.27153947121053,382.25358726287425
2019-07-10,18087.0,382.769989,384.339996,362.679993,381.0,377.8899757921369,371.8069063063718,375.9935512896635
2019-07-11,18088.0,381.100006,384.540009,378.799988,379.5,380.7310277375725,381.01642831877155,382.85383694272764
2019-07-12,18089.0,378.679993,379.73999,372.790009,373.25,373.16515458798756,374.72309859496227,373.305621090274
2019-07-15,18092.0,372.940002,373.679993,362.299988,366.600006,366.7749816507768,366.24684688930745,366.4110803440623
2019-07-16,18093.0,370.089996,371.339996,364.920013,365.98999,366.90620356376405,366.694047817016,366.9355966995111
2019-07-17,18094.0,366.25,366.5,361.75,362.440002,362.6212871891988,362.3735482069415,362.0093421027657
2019-07-18,18095.0,323.76001,329.850006,320.299988,325.209991,325.80610539265666,325.4647993366468,325.3778992302906
2019-07-19,18096.0,323.399994,325.850006,314.230011,315.100006,319.52804086651884,319.05662788127813,319.77126115440956
2019-07-22,18099.0,312.0,314.540009,305.809998,310.619995,309.2750006446122,309.3229638601372,310.7856236667802
2019-07-23,18100.0,311.440002,313.5,306.0,307.299988,309.16253661246935,308.75261386531656,310.48358677619206
2019-07-24,18101.0,310.51001,319.98999,307.25,317.940002,315.7478902582433,315.2108655470199,315.05247698747655
2019-07-25,18102.0,318.859985,327.690002,316.299988,326.459991,322.6522315578636,323.35578889933754,323.82392314053294
2019-07-26,18103.0,328.790009,336.0,327.5,335.779999,330.8143308278779,332.5576571186526,330.05475006743234
2019-07-29,18106.0,335.980011,336.399994,328.769989,332.700012,332.3327470095564,330.91649583544427,332.7204341507347
2019-07-30,18107.0,329.200012,329.649994,323.230011,325.929993,326.19531366849,324.8294430852611,326.5102577763767
2019-07-31,18108.0,325.160004,331.769989,318.529999,322.98999,324.00532701718953,325.6412218838799,324.81261798460326
2019-08-01,18109.0,324.25,328.579987,318.73999,319.5,322.99483114317826,323.4001364733351,324.1646076513312
2019-08-02,18110.0,317.48999,319.410004,311.799988,318.829987,316.27239487340887,314.536748457943,317.2677044626249
2019-08-05,18113.0,310.959991,313.420013,304.679993,307.630005,308.7916499108904,308.1715518464436,309.88883313082624
2019-08-06,18114.0,310.579987,311.880005,305.299988,310.100006,307.72815863369226,307.3389864029495,309.7096359604412
2019-08-07,18115.0,302.559998,305.0,296.809998,304.290009,302.04953617963486,300.0558373515813,303.4816599253926
2019-08-08,18116.0,311.029999,316.359985,306.630005,315.899994,313.8672555312604,311.64006252264574,313.1989833601633
2019-08-09,18117.0,313.73999,316.640015,305.679993,308.929993,311.9642277312257,310.3833852105642,312.64321135635254
2019-08-12,18120.0,305.459991,312.890015,303.23999,310.829987,308.54891268616075,308.9934412660968,311.46661582644566
2019-08-13,18121.0,309.769989,316.429993,308.160004,312.279999,314.09649725689064,312.9618426550469,314.3197991612275
2019-08-14,18122.0,308.01001,308.410004,298.01001,299.109985,302.76626788628545,301.55113440791877,303.4816599253926
2019-08-15,18123.0,299.5,300.630005,288.0,295.76001,293.5252367631775,292.89578133001055,294.21986494523105
2019-08-16,18124.0,298.859985,303.549988,296.269989,302.799988,298.3376301690832,299.9124426190907,300.74676311660784
2019-08-19,18127.0,306.25,311.75,304.75,309.380005,307.72815863369226,308.5329804336717,309.70203881041726
2019-08-20,18128.0,304.570007,305.0,297.679993,298.98999,302.4929555206605,299.77213674996597,303.2634627464556
2019-08-21,18129.0,301.609985,302.880005,296.200012,297.809998,298.3376301690832,298.30146118228834,300.9161341741607
2019-08-22,18130.0,298.649994,300.329987,293.149994,296.929993,297.1915115675467,295.6479783251954,296.85798293820346
2019-08-23,18131.0,295.0,299.01001,290.320007,291.440002,293.5213349710008,294.39846000636163,294.38958137005125
2019-08-26,18134.0,295.23999,296.950012,292.5,294.980011,296.7248331710476,293.71595105000733,295.637127769001
2019-08-27,18135.0,294.540009,296.769989,287.200012,291.029999,292.3245049304033,291.0507654040246,291.85592173464397
2019-08-28,18136.0,289.470001,292.820007,287.75,291.769989,290.8999571758884,289.8762122353139,289.89868012416935
2019-08-29,18137.0,295.0,299.929993,294.98999,296.779999,298.0759138937991,297.6143434288764,297.04374320343067
2019-08-30,18138.0,298.779999,298.940002,290.850006,293.75,295.0668961607054,293.2277332990479,295.1482067388686
2019-09-03,18142.0,290.820007,293.899994,288.059998,289.290009,292.25515982609795,290.45134332168516,290.2242587016922
2019-09-04,18143.0,291.25,292.380005,286.51001,291.519989,288.7963536002006,288.20354243371196,288.7102249903859
2019-09-05,18144.0,285.320007,293.970001,282.790009,293.25,290.1228129661239,289.77597313764556,289.9847904415027
2019-09-06,18145.0,293.350006,293.350006,287.029999,290.170013,290.25511881378424,288.52030316738217,289.23642406489705
2019-09-09,18148.0,294.809998,301.549988,290.600006,294.339996,294.38835205415677,296.75271970534834,294.62916240454615
2019-09-10,18149.0,291.160004,297.170013,282.660004,287.98999,289.718888416123,290.255879681381,292.0856685151444
2019-09-11,18150.0,285.700012,292.649994,284.609985,288.269989,289.3510426175549,289.47669941715026,289.359716300295
2019-09-12,18151.0,288.100006,292.730011,286.600006,288.859985,288.9181128938369,289.7026138638679,289.359716300295
2019-09-13,18152.0,290.609985,296.619995,290.040009,294.149994,293.2971620618494,293.85326482503297,292.6984780090853
2019-09-16,18155.0,294.230011,297.429993,289.779999,294.290009,293.3332419937931,293.06905679564045,293.95629359161757
2019-09-17,18156.0,294.5,299.149994,291.790009,298.600006,296.2515382057742,295.4685273226901,295.8217224295907
2019-09-18,18157.0,294.98999,296.049988,287.450012,291.559998,292.25894246686164,290.41005842482315,291.6432986186336
2019-09-19,18158.0,291.559998,293.809998,283.399994,286.600006,289.53206821323545,287.66743655937904,289.29736291635385
2019-09-20,18159.0,280.26001,282.5,266.0,270.75,274.18242051072656,273.20227872094944,274.29816261479067
2019-09-23,18162.0,268.350006,273.390015,261.890015,265.920013,266.37133845269443,267.7611885925353,266.6916994004798
2019-09-24,18163.0,262.5,265.0,252.279999,254.589996,256.2849040678093,257.82410086586594,255.25121015172627
2019-09-25,18164.0,255.710007,266.600006,253.699997,264.75,259.95719371474473,262.4081458438864,260.52277448797764
2019-09-26,18165.0,266.420013,268.049988,260.200012,263.309998,264.3769729520546,263.0917418566152,262.07598532296004
2019-09-27,18166.0,266.179993,267.440002,260.390015,263.079987,263.7506976120546,262.7658013707916,261.2152500011774
2019-09-30,18169.0,264.0,268.880005,262.779999,267.619995,267.2675261709292,266.0284245910049,266.365174863133
2019-10-01,18170.0,267.350006,272.200012,264.029999,269.579987,267.7904968532728,268.2457019836095,266.9964049420777
2019-10-02,18171.0,263.609985,269.350006,262.190002,268.029999,266.7266012308985,266.2589062254682,265.4645078996092
2019-10-03,18172.0,267.779999,268.839996,257.01001,268.149994,264.743939458168,261.5893065597308,264.3642835974925
2019-10-04,18173.0,268.200012,275.480011,266.470001,272.790009,271.8826615145702,271.97000909813414,270.5503091789862
2019-10-07,18176.0,271.98999,276.679993,271.279999,274.459991,273.42585660329746,274.1022385086604,272.0420337151429
2019-10-08,18177.0,273.029999,275.529999,270.640015,270.720001,273.23152994185955,272.41750031949624,271.9513161324981
2019-10-09,18178.0,270.019989,271.0,264.570007,267.529999,267.7904968532728,266.5368625483931,267.84108880337897
2019-10-10,18179.0,265.970001,280.529999,265.029999,280.480011,270.56721949332643,276.2874453900407,273.56229139838905
2019-10-11,18180.0,284.799988,287.869995,282.339996,282.929993,286.113268664475,284.59700651378387,284.96503533870236
2019-10-14,18183.0,283.929993,286.929993,282.0,285.529999,284.46157278805356,283.9476569476396,283.9889017305875
2019-10-15,18184.0,283.820007,285.869995,279.399994,284.25,283.1629812122752,281.73651304618676,283.02345983455575
2019-10-16,18185.0,283.119995,288.170013,280.73999,286.279999,285.053623808296,284.63034336941155,284.81039364313415
2019-10-17,18186.0,304.48999,308.75,288.299988,293.350006,294.701979176945,298.0542735179332,296.27575749376047
2019-10-18,18187.0,289.359985,290.899994,273.359985,275.299988,281.29764116986627,280.7773143254228,279.2908806528124
2019-10-21,18190.0,272.890015,279.940002,269.0,278.049988,273.48347617074876,275.32371653883604,275.3924953550999
2019-10-22,18191.0,271.160004,275.410004,265.799988,266.690002,269.39772568843034,270.4732093541306,270.1219649674519
2019-10-23,18192.0,268.059998,273.920013,266.630005,271.269989,271.0354505002272,270.79195352423665,270.4517121131846
2019-10-24,18193.0,271.809998,274.019989,268.799988,271.5,271.4580002835606,270.6327219883207,271.4991542804628
2019-10-25,18194.0,270.679993,277.769989,270.179993,276.820007,272.4995379593414,274.9260044403636,272.0027163122389
2019-10-28,18197.0,278.049988,285.75,277.350006,281.859985,283.51815395232364,282.68384015639236,282.24500204016203
2019-10-29,18198.0,281.869995,284.410004,277.549988,281.209991,282.1112647874671,280.2568490155617,281.07416844521356
2019-10-30,18199.0,284.339996,293.48999,283.0,291.450012,288.97987356691766,289.84178481672143,289.359716300295
2019-10-31,18200.0,291.0,291.450012,284.779999,287.410004,288.7963536002006,286.60811204924505,288.4798639124904
2019-11-01,18201.0,288.700012,289.119995,283.019989,286.809998,287.3965446182532,284.5717322603886,286.83469469042564
2019-11-04,18204.0,288.0,295.390015,287.160004,292.859985,291.8986747945181,292.27122398090955,291.0661897286182
2019-11-05,18205.0,289.98999,291.190002,286.309998,288.029999,288.7963536002006,287.5602374946936,288.54170085376023
2019-11-06,18206.0,288.190002,290.559998,285.839996,288.589996,288.3204895571304,287.44557220777807,288.51897445476044
2019-11-07,18207.0,290.700012,298.190002,288.269989,289.570007,292.766286586674,294.21639344537914,293.95629359161757
2019-11-08,18208.0,288.730011,293.98999,287.51001,291.570007,291.8986747945181,291.00748905512665,290.5887405447222
2019-11-11,18211.0,289.160004,296.359985,288.5,294.179993,292.9468632502886,293.36204340955396,292.10016889021955
2019-11-12,18212.0,295.320007,295.350006,288.700012,292.01001,292.4394205576176,290.3530825063204,291.08390952323424
2019-11-13,18213.0,291.029999,293.410004,281.140015,283.109985,285.5826273336237,286.3439522015124,286.6499647723569
2019-11-14,18214.0,283.25,290.630005,283.220001,289.619995,288.3448528991817,287.9498635347592,288.7651074929947
2019-11-15,18215.0,290.589996,295.820007,287.570007,295.029999,292.7017732898151,291.8958869335309,291.476538235078
2019-11-18,18218.0,296.0,304.98999,293.279999,302.570007,298.7189971220675,300.6122550011366,297.99816753730346
2019-11-19,18219.0,304.01001,305.670013,298.519989,302.600006,303.60012925265585,300.98104024026014,304.09392773934354
2019-11-20,18220.0,301.01001,308.25,301.0,305.160004,303.87012597880965,305.55162213489723,304.01580278922927
2019-11-21,18221.0,306.0,312.690002,304.26001,311.690002,309.30999809652064,309.1599305339951,311.46661582644566
2019-11-22,18222.0,309.100006,311.399994,304.410004,310.480011,307.35727193211335,307.0134328693074,309.59743251700166
2019-11-25,18225.0,308.829987,315.730011,305.25,315.549988,312.60828039769586,311.1966518844826,313.4009977711825
2019-11-26,18226.0,315.0,316.5,311.690002,312.48999,314.05638730210234,312.9446034479391,317.1046925625519
2019-11-27,18227.0,313.929993,316.820007,312.75,315.929993,315.10099495886163,314.1612940565076,317.42615409904914
2019-11-29,18229.0,315.779999,316.619995,313.339996,314.660004,314.2480593113616,313.62163624591653,317.4424291537681
2019-12-02,18232.0,314.390015,314.390015,303.75,309.98999,308.1430285326734,307.241573596488,310.201559935438
2019-12-03,18233.0,302.220001,307.359985,301.880005,306.160004,305.0574971943904,304.81792135997097,305.0260408781952
2019-12-04,18234.0,308.429993,308.429993,303.269989,304.320007,305.9728937100218,304.16357167818455,307.32207830516614
2019-12-05,18235.0,305.269989,306.480011,298.809998,302.859985,303.60012925265585,301.35153238185916,304.09392773934354
2019-12-06,18236.0,304.700012,307.850006,302.600006,307.350006,305.9728937100218,304.6955936950767,306.82580214333325
2019-12-09,18239.0,307.350006,311.48999,302.440002,302.5,306.59618652175345,306.70226875403887,309.6354594311749
2019-12-10,18240.0,296.119995,298.940002,292.019989,293.119995,296.1962627221903,294.81676446336087,295.8217224295907
2019-12-11,18241.0,294.48999,299.429993,294.200012,298.929993,298.0759138937991,296.96785180928595,296.97073148031893
2019-12-12,18242.0,295.670013,299.170013,295.059998,298.440002,298.0759138937991,296.7650373399646,297.07039689638094
2019-12-13,18243.0,298.5,301.799988,297.25,298.5,301.4064529513664,299.083974703482,301.6117124795715
2019-12-16,18246.0,300.850006,305.709991,298.630005,304.209991,303.60012925265585,302.23328552396276,303.2614722625852
2019-12-17,18247.0,307.359985,316.799988,306.600006,315.480011,314.7855067035573,313.3432270296784,314.3340348725907
2019-12-18,18248.0,316.26001,325.359985,315.600006,320.799988,322.35738216842674,321.98381726300073,320.896229084862
2019-12-19,18249.0,324.5,332.829987,324.179993,332.220001,329.03882615089054,329.72982075684786,327.5535575636082
2019-12-20,18250.0,335.0,338.0,330.600006,336.899994,332.92628223184806,333.5801442833868,333.4164356006172
2019-12-23,18253.0,337.76001,337.950012,331.019989,333.100006,332.5614343608064,332.7435265703105,333.4164356006172
2019-12-24,18254.0,334.01001,335.700012,331.600006,333.200012,331.1486495814387,332.53064823984386,329.37437336970004
2019-12-26,18256.0,334.600006,336.459991,332.01001,332.630005,332.5614343608064,333.16794082194417,333.1771728221945
2019-12-27,18257.0,332.959991,333.820007,326.01001,329.089996,329.53671144783607,328.4114753578245,327.77491600607993
2019-12-30,18260.0,329.079987,329.190002,322.859985,323.309998,325.80292316993956,324.29288858960723,325.83071179413434
2019-12-31,18261.0,322.0,324.920013,321.089996,323.570007,325.165472623337,322.3746016137703,322.8450472027631
2020-01-02,18263.0,326.100006,329.980011,324.779999,329.809998,326.92560667427995,327.05660751276207,327.3067964164253
2020-01-03,18264.0,326.779999,329.859985,325.529999,325.899994,327.29493347161326,327.09782597214934,327.7488073328811
2020-01-06,18267.0,323.119995,336.359985,321.200012,335.829987,330.05315263248406,331.65036313957984,331.543834247425
2020-01-07,18268.0,336.470001,336.700012,330.299988,330.75,332.3327470095564,331.78888972965154,333.0304512709055
2020-01-08,18269.0,331.48999,342.700012,331.049988,339.26001,338.4718042036851,339.0613782903591,339.0131654460946
2020-01-09,18270.0,342.0,343.420013,334.609985,335.660004,338.052546625877,337.666940505869,338.1807782401601
2020-01-10,18271.0,337.130005,338.5,327.269989,329.049988,332.8265252971444,331.4774632527053,332.8677855896202
2020-01-13,18274.0,331.799988,340.850006,331.51001,338.920013,336.7616969979332,337.63070672107494,337.80070749494746
2020-01-14,18275.0,344.399994,345.380005,335.519989,338.690002,340.4101520223368,338.91071681183814,339.55270491720927
2020-01-15,18276.0,338.679993,343.170013,336.600006,339.070007,338.92055677818206,339.7167518011884,340.26259443665276
2020-01-16,18277.0,343.5,343.559998,335.850006,338.619995,338.5238263621866,337.88191651251316,338.4429843451026
2020-01-17,18278.0,341.0,341.570007,337.380005,339.670013,338.1026569297912,337.9252705242078,339.12887854822895
2020-01-21,18282.0,340.0,341.0,332.589996,338.109985,336.5101079491237,335.30866359813825,335.0518453914523
2020-01-22,18283.0,332.549988,336.299988,323.600006,326.0,329.7487990988813,329.3897287162236,328.93472537409554
2020-01-23,18284.0,326.040009,349.880005,325.01001,349.600006,341.3319581182418,343.95001278736834,344.7891960968379
2020-01-24,18285.0,348.459991,359.850006,345.880005,353.160004,353.79672977350845,355.0155236672723,354.9253594575378
2020-01-27,18288.0,345.950012,351.899994,341.019989,342.880005,346.7779650033308,346.7048998689345,346.7074799655987
2020-01-28,18289.0,345.880005,352.399994,342.779999,348.519989,348.83946866874464,348.07164069894094,348.68178875660334
2020-01-29,18290.0,349.0,349.399994,338.549988,343.160004,342.54874033605915,342.18851440884146,343.1629205501783
2020-01-30,18291.0,341.100006,348.200012,339.25,347.73999,343.6060796455558,344.44706522024114,343.3436239413212
2020-01-31,18292.0,347.390015,347.390015,340.980011,345.089996,346.0872923065534,342.3585599601113,345.34659924953655
2020-02-03,18295.0,347.23999,359.630005,346.279999,358.0,355.1675482695948,355.4877156748227,354.57286015404645
2020-02-04,18296.0,361.0,369.570007,356.100006,369.01001,364.59319248579595,363.9329474155003,364.27099320082505
2020-02-05,18297.0,375.130005,375.25,362.299988,369.670013,367.26051900094956,366.76375289018597,367.4870958512548
2020-02-06,18298.0,369.600006,371.549988,362.51001,366.950012,366.58335630125754,365.79089484248414,366.1189121166358
2020-02-07,18299.0,365.040009,371.799988,363.570007,366.769989,367.232442052999,368.2309785796323,366.8575592093666
2020-02-10,18302.0,365.0,374.799988,362.519989,371.070007,367.60489638492743,370.2220218226952,368.47297675053244
2020-02-11,18303.0,373.75,378.109985,369.720001,373.690002,373.4124601177098,373.5574349120709,373.54522217591233
2020-02-12,18304.0,377.179993,380.619995,375.880005,380.01001,378.2733988391466,377.63045361553054,381.1763358531508
2020-02-13,18305.0,376.959991,385.369995,376.51001,381.399994,381.0451968409059,382.0390381463045,382.8836390324925
2020-02-14,18306.0,381.470001,385.149994,379.429993,380.399994,380.7310277375725,381.72331284020873,382.85383694272764
2020-02-18,18310.0,379.299988,389.540009,379.190002,387.779999,383.2672234052238,386.0905298222805,383.50141607779045
2020-02-19,18311.0,388.119995,392.950012,384.899994,386.190002,386.2557719417728,388.7054170812072,386.3260478279939
2020-02-20,18312.0,386.559998,389.700012,376.679993,386.0,384.4153528421556,382.24544087960095,385.05516232082573
2020-02-21,18313.0,385.329987,387.320007,377.899994,380.070007,382.37166360247306,381.3317968628728,383.1895057498055
2020-02-24,18316.0,364.76001,372.820007,361.0,368.700012,365.8939357062951,367.8488705685422,365.6888191669754
2020-02-25,18317.0,372.0,375.649994,357.720001,360.089996,364.61046393977443,365.85608361554137,365.10082652811326
2020-02-26,18318.0,366.309998,382.0,365.0,379.23999,377.1568064718041,377.0979595502889,375.6634379647154
2020-02-27,18319.0,371.459991,391.559998,370.600006,371.709991,380.72988316223734,386.18066313604123,377.0323043759885
2020-02-28,18320.0,364.209991,376.769989,356.799988,369.029999,366.1092736817463,369.18014571776894,367.2085423872756
2020-03-02,18323.0,373.109985,381.359985,364.5,381.049988,375.9112224804413,373.7993053007715,376.26470040325256
2020-03-03,18324.0,381.029999,393.519989,367.399994,368.769989,380.6722798602394,382.64124580248176,373.7759141563221
2020-03-04,18325.0,377.769989,384.01001,370.51001,383.790009,378.2968092601019,377.45982503491643,378.5860924243367
2020-03-05,18326.0,381.0,391.399994,368.640015,372.779999,380.01093366293173,381.516016439258,374.7464819893595
2020-03-06,18327.0,367.700012,371.309998,356.850006,368.970001,364.3856505668199,363.3279335948585,363.58616463194653
2020-03-09,18330.0,343.859985,357.470001,341.720001,346.48999,350.8280983655494,352.52743819747167,350.9808107245261
2020-03-10,18331.0,356.429993,364.540009,347.850006,364.130005,356.71349362235895,357.06491294062005,359.68579155603135
2020-03-11,18332.0,358.920013,362.980011,344.790009,349.920013,353.9405244121736,353.23708548071625,353.67980541011275
2020-03-12,18333.0,326.5,335.720001,307.320007,315.25,318.3760305495923,322.6132478886839,317.5663847671697
2020-03-13,18334.0,330.51001,336.420013,307.390015,336.299988,321.7524323369379,321.76570007727855,332.2905520138511
2020-03-16,18337.0,306.630005,334.350006,294.75,298.839996,302.1328269541529,322.18922530887323,303.72506273640295
2020-03-17,18338.0,306.190002,322.899994,290.25,319.75,297.4555282914406,310.3600733872971,300.5817911518551
2020-03-18,18339.0,302.399994,331.579987,300.0,315.470001,316.54452929502634,324.156457586817,312.241757748998
2020-03-19,18340.0,324.329987,348.51001,316.820007,332.029999,331.95924730776926,339.14336476347574,336.5326198341392
2020-03-20,18341.0,342.309998,350.48999,332.0,332.829987,340.9713926389585,342.13979049791436,337.6065853118587
2020-03-23,18344.0,347.890015,366.109985,340.880005,360.269989,351.75342841928193,357.88037034362105,356.8983788811461
2020-03-24,18345.0,369.98999,372.929993,353.029999,357.320007,361.9236141783954,361.85307848637876,361.7098928361013
2020-03-25,18346.0,361.019989,362.0,339.170013,342.390015,343.0273132081953,348.7024125554219,344.0114304866948
2020-03-26,18347.0,344.0,363.839996,341.730011,362.98999,355.53543072405137,357.8432621977367,358.0715153388792
2020-03-27,18348.0,359.089996,368.559998,353.0,357.119995,361.01544232457695,362.1638602868245,361.2483396768489
2020-03-30,18351.0,363.0,377.799988,361.170013,370.959991,369.34296537483556,372.77640383110776,371.9595315149851
2020-03-31,18352.0,367.929993,383.01001,366.440002,375.5,377.28317021725866,378.10575255308186,377.14097142436106
2020-04-01,18353.0,376.049988,380.230011,361.019989,364.079987,369.3395693692241,369.9485361137022,369.25735992532356
2020-04-02,18354.0,364.079987,370.98999,360.059998,370.079987,365.7150435973366,366.066852623203,365.53586278901696
2020-04-03,18355.0,367.470001,370.899994,357.51001,361.76001,364.00387679424733,363.4123705282659,363.63232745589636
2020-04-06,18358.0,365.220001,380.290009,361.709991,379.959991,373.02071628463733,374.33902424920825,375.85257916863253
2020-04-07,18359.0,380.0,381.329987,369.339996,372.279999,375.2087410214965,373.772821008438,375.3891254876688
2020-04-08,18360.0,374.01001,378.390015,368.309998,371.119995,372.80652648852964,372.9604673364453,372.8000462833797
2020-04-09,18361.0,371.059998,372.100006,363.029999,370.720001,366.97014272799896,365.9892883709315,366.1928166895577
2020-04-13,18365.0,371.309998,400.51001,367.700012,396.720001,392.08230841705756,392.25345686242804,393.17221509261987
2020-04-14,18366.0,397.5,417.820007,394.850006,413.549988,410.13107694282996,411.3954955272527,412.9463555561083
2020-04-15,18367.0,413.0,434.980011,412.25,426.75,423.75762804065226,429.24177569744205,424.9100068997121
2020-04-16,18368.0,437.0,449.519989,431.609985,439.170013,440.5888183655873,442.7841516779317,443.3627745838709
2020-04-17,18369.0,431.0,432.0,414.700012,422.959991,425.6953199096558,421.4004583889159,425.59661125839546
2020-04-20,18372.0,435.170013,444.48999,430.559998,437.48999,434.93845408871675,438.67353179670135,437.70616223059153
2020-04-21,18373.0,444.769989,447.0,425.600006,433.829987,435.5406837785237,434.6659696277326,434.7505871608863
2020-04-22,18374.0,429.730011,433.0,413.0,421.420013,422.1632852921169,421.8200847193643,420.7091421203824
2020-04-23,18375.0,419.26001,438.410004,419.26001,426.700012,428.69812127470897,433.4937580346326,428.41104508941226
2020-04-24,18376.0,425.0,427.170013,415.880005,424.98999,425.6953199096558,420.15622164991,422.02548500337235
2020-04-27,18379.0,425.0,429.0,420.839996,421.380005,426.3422427452289,424.2897308564469,425.8401959448838
2020-04-28,18380.0,419.98999,421.0,402.910004,403.829987,413.5068571073092,410.02260891917933,409.0241134932434
2020-04-29,18381.0,399.529999,415.859985,393.600006,411.890015,410.13107694282996,408.34623623472646,410.0712205614216
2020-04-30,18382.0,410.309998,424.440002,408.0,419.850006,418.6223580848512,419.13604705385467,420.0338234146281
2020-05-01,18383.0,415.100006,427.970001,411.730011,415.269989,420.3462093172658,422.29754354468844,420.44871886670353
2020-05-04,18386.0,417.779999,428.540009,414.869995,428.149994,425.6953199096558,423.43423778175975,424.127799444786
2020-05-05,18387.0,427.559998,431.0,421.559998,424.679993,426.3422427452289,425.40906105449915,425.8401959448838
2020-05-06,18388.0,429.299988,439.769989,426.390015,434.26001,433.63603165766017,434.6771451276166,432.4093927493721
2020-05-07,18389.0,436.890015,438.880005,430.660004,436.529999,434.93845408871675,433.37154991019605,437.26349354047
2020-05-08,18390.0,434.140015,442.0,433.640015,435.549988,438.46849723865364,438.5662349773391,439.72192739914345
2020-05-11,18393.0,436.329987,444.890015,435.559998,440.519989,439.61354253657026,441.198058444704,439.72192739914345
2020-05-12,18394.0,442.0,444.170013,431.359985,431.820007,434.93845408871675,436.31288654500133,438.4371367672473
2020-05-13,18395.0,435.690002,447.0,427.269989,438.269989,437.18055110402463,438.87528863089653,436.3961388112928
2020-05-14,18396.0,444.899994,452.380005,432.820007,441.950012,446.1501787636962,442.9215274409629,445.90619530532103
2020-05-15,18397.0,440.700012,455.0,437.51001,454.190002,453.3070249396721,449.1220818967071,450.0580580312958
2020-05-18,18400.0,451.160004,456.359985,443.350006,452.579987,453.3070249396721,449.4767250320709,451.7485039075385
2020-05-19,18401.0,453.399994,458.970001,450.470001,451.040009,453.3070249396721,454.5730514704213,454.7680335790624
2020-05-20,18402.0,454.25,455.809998,444.0,447.670013,453.3070249396721,448.21822958262914,451.74207237162847
2020-05-21,18403.0,448.559998,448.959991,430.25,436.25,440.0502865546782,437.3542859843868,439.6761403744707
2020-05-22,18404.0,437.0,439.089996,427.179993,429.320007,434.1260565514102,431.68854613155395,433.35973597057836
2020-05-26,18408.0,427.769989,428.5,413.140015,414.769989,421.1219098728213,418.82551272490525,418.43274221839135
2020-05-27,18409.0,410.380005,420.019989,397.859985,419.890015,413.0917617140552,410.0884985304731,414.43495901782865
2020-05-28,18410.0,417.23999,422.369995,411.5,413.440002,417.366204635935,416.67711472200773,415.21850672613755
2020-05-29,18411.0,417.459991,420.299988,411.850006,419.730011,417.2727811987922,415.03680505991224,415.6175019911443
2020-06-01,18414.0,418.829987,426.720001,415.980011,425.920013,425.6953199096558,422.0967416442794,423.3624281625862
2020-06-02,18415.0,425.869995,427.589996,419.459991,427.309998,426.3422427452289,422.0617093866126,424.714658664278
2020-06-03,18416.0,426.950012,427.100006,418.049988,421.970001,425.6953199096558,420.51527199010843,423.54649106160167
2020-06-04,18417.0,422.390015,428.709991,410.029999,414.329987,420.20858658957343,419.35311230797083,418.1148651188934
2020-06-05,18418.0,407.290009,420.23999,404.25,419.600006,416.31908435154867,414.74975098352854,415.9007938815054
2020-06-08,18421.0,416.0,420.799988,406.5,419.48999,416.87637332907605,413.19713882887197,415.42612293313033
2020-06-09,18422.0,421.649994,434.730011,420.309998,434.049988,429.3450441102821,430.06685642220066,429.2451642835596
2020-06-10,18423.0,436.0,439.690002,430.549988,434.480011,434.93845408871675,434.32287738051593,437.26349354047
2020-06-11,18424.0,428.200012,445.570007,424.160004,425.559998,430.91797390819875,438.7977047256825,430.1478666930535
2020-06-12,18425.0,429.0,434.059998,412.450012,418.070007,421.7962020948947,422.6930460553194,420.5382467850698
2020-06-15,18428.0,421.399994,426.48999,415.420013,425.5,425.6953199096558,420.6660639541582,421.7292332764744
2020-06-16,18429.0,425.76001,437.959991,425.179993,436.130005,433.2985867632157,433.8216416170809,432.2369531805486
2020-06-17,18430.0,441.820007,450.459991,439.220001,447.769989,447.17474513702956,445.78293045912363,444.138074458696
2020-06-18,18431.0,448.730011,452.76001,442.799988,449.869995,451.17145867819556,447.0516928211583,445.628847091858
2020-06-19,18432.0,449.119995,453.970001,445.600006,453.720001,453.3070249396721,449.39078275455245,450.233303988702
2020-06-22,18435.0,455.01001,468.589996,454.209991,468.040009,465.1036686651619,464.03452891280904,465.9252313802076
2020-06-23,18436.0,466.5,474.01001,464.5,466.26001,467.78403930406273,469.7547833929192,467.58052638251894
2020-06-24,18437.0,468.540009,472.359985,454.0,457.850006,458.6438778976688,462.1268764058548,461.596763426582
2020-06-25,18438.0,458.859985,467.01001,454.0,465.910004,458.6438778976688,461.1801770615427,461.85467321885574
2020-06-26,18439.0,466.390015,468.029999,442.23999,443.399994,456.90701415463457,453.1238659942285,448.56378452766046
2020-06-29,18442.0,445.230011,447.670013,432.140015,447.23999,443.58032970461517,438.48006426126676,443.45737818911596
2020-06-30,18443.0,450.019989,457.589996,447.0,455.040009,453.3070249396721,452.83920165009056,452.3018000128889
2020-07-01,18444.0,454.0,488.230011,454.0,485.640015,468.41906223145423,480.828121543864,476.99774334474944
2020-07-02,18445.0,485.640015,492.279999,475.529999,476.890015,479.69267123028493,483.8677198764399,482.53414398898786
2020-07-06,18449.0,480.769989,499.5,479.799988,493.809998,491.2667166149287,493.96700609572133,491.75006376529143
2020-07-07,18450.0,497.309998,504.820007,490.829987,493.160004,497.7535000029811,498.1344233825025,496.2243056802916
2020-07-08,18451.0,498.579987,505.100006,493.809998,502.779999,500.2985548343495,499.4614403483105,498.775529957839
2020-07-09,18452.0,508.399994,510.0,495.779999,507.76001,504.11774748915803,501.0078473742027,503.1660484188621
2020-07-10,18453.0,519.72998,555.880005,511.279999,548.72998,533.4347203716187,543.5684714974477,544.5680900613985
2020-07-13,18456.0,567.97998,575.369995,520.960022,525.5,533.9539813884153,547.3067433478387,527.6993510265185
2020-07-14,18457.0,517.080017,525.5,490.48999,524.880005,508.0789253110323,508.1002828663701,510.4348688594558
2020-07-15,18458.0,516.299988,529.0,510.179993,523.26001,520.6735634162541,521.6270280114107,521.758634501841
2020-07-16,18459.0,526.47998,535.539978,504.359985,527.390015,525.3752695698338,520.3490179453657,524.959801308826
2020-07-17,18460.0,494.869995,503.589996,484.140015,492.98999,493.8789308933128,494.49804354023513,492.05220992723946
2020-07-20,18463.0,489.140015,504.5,484.200012,502.410004,494.4655670683128,497.40077926962715,497.7710349472417
2020-07-21,18464.0,506.0,506.220001,488.609985,490.100006,494.9392348496149,494.95931073887425,493.21886659757456
2020-07-22,18465.0,492.190002,497.200012,487.200012,489.820007,492.3230337183212,491.703659125437,492.495389891753
2020-07-23,18466.0,491.130005,491.899994,472.019989,477.579987,479.69267123028493,479.6956256930622,481.04033076700796
2020-07-24,18467.0,468.769989,487.170013,467.540009,480.450012,477.7583565840804,481.58766998802105,481.3592123017599
2020-07-27,18470.0,484.51001,496.920013,482.309998,495.649994,490.777451991314,491.733309781701,491.3308239377378
2020-07-28,18471.0,496.019989,497.790009,487.76001,488.51001,492.04556963665453,491.08581775386915,492.72889804348677
2020-07-29,18472.0,492.25,494.920013,484.130005,484.480011,488.8976031296723,488.1573872928524,488.23708637484077
2020-07-30,18473.0,480.709991,488.350006,477.51001,485.799988,482.15068433112236,483.4061768028722,485.04891166735734
2020-07-31,18474.0,488.290009,494.799988,484.5,488.880005,489.1290715070698,489.70480345182,490.9017239371542
2020-08-03,18477.0,490.859985,503.089996,490.230011,498.619995,497.138380101134,498.73441394300386,496.3639113742617
2020-08-04,18478.0,498.649994,510.440002,498.649994,509.640015,506.426100610103,506.4610947224784,505.77420463880264
2020-08-05,18479.0,508.679993,510.100006,501.200012,502.109985,505.6129232839559,503.82274030640986,505.0694120033597
2020-08-06,18480.0,504.109985,510.820007,498.700012,509.079987,506.02176824756253,504.80096066948164,505.4147784625808
2020-08-07,18481.0,505.450012,508.290009,486.679993,494.730011,496.5590515144014,495.8948488797921,495.79529833431513
2020-08-10,18484.0,493.350006,497.459991,478.630005,483.380005,489.4423603496858,487.0158684451002,487.1734947981404
2020-08-11,18485.0,479.75,480.920013,466.549988,466.929993,469.9576871688387,471.774683736229,470.3794971451122
2020-08-12,18486.0,471.339996,482.48999,470.179993,475.470001,475.14472823641347,478.0840852288102,474.46151494868644
2020-08-13,18487.0,478.399994,484.450012,476.450012,481.329987,478.82958108218963,480.417890894822,480.65275152362153
2020-08-14,18488.0,482.820007,488.329987,480.209991,482.679993,487.1481698509103,484.02559895376044,487.5143275350225
2020-08-17,18491.0,484.190002,486.23999,479.100006,482.350006,486.06925104567216,481.182635885331,485.70971600588445
2020-08-18,18492.0,484.350006,495.299988,482.799988,491.869995,488.65159956051065,490.6845876955788,489.3153313468536
2020-08-19,18493.0,493.929993,494.5,483.5,484.529999,488.03195526731326,486.85718971159463,486.56098015816104
2020-08-20,18494.0,484.690002,498.940002,483.890015,497.899994,492.36370592645216,494.19356608190435,494.1643998782218
2020-08-21,18495.0,496.459991,498.130005,490.0,492.309998,495.7475549385828,492.3814151347526,494.6814551068122
2020-08-24,18498.0,495.440002,501.0,483.160004,488.809998,490.7879924057065,491.5960883026489,489.2322751450062
2020-08-25,18499.0,488.190002,492.470001,485.089996,490.579987,489.1290715070698,488.0886991459829,490.9017239371542
2020-08-26,18500.0,492.5,549.039978,492.079987,547.530029,530.683963805615,537.7780637273385,543.9455789089698
2020-08-27,18501.0,537.780029,541.0,521.25,526.27002,526.6532116541297,529.6232328421294,526.3283307837465
2020-08-28,18502.0,532.0,539.0,522.0,523.890015,529.2285423466617,530.4555542884293,527.9159017730403
2020-08-31,18505.0,521.159973,531.98999,517.580017,529.559998,523.5652173379647,526.2269409147665,522.7270673122259
2020-09-01,18506.0,532.599976,557.390015,532.450012,556.549988,543.5913822658479,551.1784518081055,551.325766471138
2020-09-02,18507.0,553.780029,556.5,537.369995,552.840027,546.7103399150449,545.2192805255752,547.6695970044054
2020-09-03,18508.0,545.0,554.0,521.320007,525.75,529.6501597824819,537.949946690002,528.4714588388568
2020-09-04,18509.0,520.179993,527.359985,485.980011,516.049988,508.0789253110323,506.16910777548287,511.63115139647635
2020-09-08,18513.0,498.399994,522.0,495.0,507.019989,510.4235700880284,514.3755265813344,511.53730385841953
2020-09-09,18514.0,519.210022,520.0,492.570007,500.190002,504.4373845549614,503.77538832004996,503.24252243224225
2020-09-10,18515.0,503.350006,506.290009,478.839996,480.670013,490.0702250265376,490.8841600014649,484.5953194359789
2020-09-11,18516.0,486.48999,493.730011,476.809998,482.029999,480.31262420466,485.4451687482129,483.3032360250536
2020-09-14,18519.0,480.619995,488.98999,471.299988,476.26001,479.69267123028493,480.7313507514022,481.74228123918664
2020-09-15,18520.0,484.0,497.470001,481.630005,495.98999,490.777451991314,492.0281612208529,491.79720599495704
2020-09-16,18521.0,499.98999,504.660004,483.309998,483.859985,491.4158570825583,493.08357028068997,488.82524401945466
2020-09-17,18522.0,475.160004,478.399994,463.269989,470.200012,469.9576871688387,469.62512944249875,470.1952329849505
2020-09-18,18523.0,472.51001,479.399994,458.600006,469.959991,469.9576871688387,468.9991040355931,468.620357230197
2020-09-21,18526.0,467.690002,487.779999,466.320007,487.350006,478.62144673217574,481.860134086085,482.70707617888775
2020-09-22,18527.0,489.01001,491.820007,479.26001,491.170013,487.5838660445544,484.1923369443873,487.77518333994806
2020-09-23,18528.0,491.040009,491.040009,469.0,470.609985,479.69267123028493,477.42593299340786,480.36449692422195
2020-09-24,18529.0,470.529999,477.0,467.820007,473.079987,469.9576871688387,472.52661794496765,470.3794971451122
2020-09-25,18530.0,474.390015,484.869995,468.029999,482.880005,478.82958108218963,477.84280399971055,480.24317747481683
2020-09-28,18533.0,489.109985,492.0,477.880005,490.649994,485.9884847274787,483.5856462422464,485.91950884853
2020-09-29,18534.0,489.5,496.290009,486.529999,493.480011,490.42675862615727,491.57575136720993,493.0638200448081
2020-09-30,18535.0,492.570007,504.630005,489.269989,500.029999,498.0309640846478,498.9005265847742,496.9151876777055
2020-10-01,18536.0,506.029999,529.549988,503.600006,527.51001,515.98182436776,522.423451519138,515.8234825410673
2020-10-02,18537.0,516.429993,526.369995,502.700012,503.059998,512.8260709165036,515.4548697318818,507.87709071406744
2020-10-05,18540.0,506.799988,520.98999,501.700012,520.650024,511.7613759339271,513.9417122334243,515.8226200429024
2020-10-06,18541.0,518.719971,521.820007,504.160004,505.869995,510.70346317573603,511.54673293724056,510.56940563287554
2020-10-07,18542.0,518.0,536.48999,515.820007,534.659973,528.3053526464042,530.2558109841561,529.7082575361205
2020-10-08,18543.0,533.47998,535.0,524.150024,531.789978,531.0810875506694,527.668744361485,529.5916468124294
2020-10-09,18544.0,537.830017,544.280029,535.0,539.440002,540.4387417086242,539.5543992728605,543.3253943742347
2020-10-12,18547.0,548.809998,551.809998,538.23999,539.809998,544.2142996510883,543.5523704320061,543.302353147483
2020-10-13,18548.0,540.559998,557.650024,537.200012,554.090027,547.8755321375745,550.9558836376208,550.7532289606073
2020-10-14,18549.0,562.609985,572.48999,541.0,541.450012,552.4623529694533,557.3324795878144,546.7179468362297
2020-10-15,18550.0,545.52002,551.219971,535.099976,541.940002,540.471762340868,542.6229353217633,544.7188787233202
2020-10-16,18551.0,549.5,554.330017,530.030029,530.789978,537.3255568289077,541.127926328424,536.0120795147037
2020-10-19,18554.0,537.070007,541.799988,525.380005,530.719971,532.3973513221284,532.7166899697494,532.3783833699275
2020-10-20,18555.0,528.140015,533.780029,522.26001,525.419983,530.3646694677543,527.6157710113098,527.5956676708977
2020-10-21,18556.0,501.029999,506.850006,488.25,489.049988,494.89736172525727,497.12754776379586,493.9029046318639
2020-10-22,18557.0,494.690002,495.140015,482.0,485.230011,488.4503394329551,486.33248013107533,486.5237745303108
2020-10-23,18558.0,488.109985,490.059998,481.350006,488.279999,487.67573355084494,484.1341719572835,487.6850344837909
2020-10-26,18561.0,487.029999,496.820007,478.899994,488.23999,489.2646824937316,488.94045623358295,489.1689657893809
2020-10-27,18562.0,490.01001,490.48999,482.929993,488.929993,487.67573355084494,484.6240196070543,487.5504653375189
2020-10-28,18563.0,486.359985,494.0,483.279999,486.23999,488.03195526731326,489.10272999941026,488.66688034108984
2020-10-29,18564.0,488.5,513.900024,479.339996,504.209991,499.03446641718176,503.0077228783025,499.7673693884296
2020-10-30,18565.0,502.01001,505.880005,472.209991,475.73999,482.0371927181688,487.56520954158856,479.7787027082316
2020-11-02,18568.0,478.869995,486.299988,475.0,484.119995,478.82958108218963,481.0443747682846,480.8376963821761
2020-11-03,18569.0,484.929993,495.309998,478.76001,487.220001,487.58154273982245,488.3678030791351,486.7259486722548
2020-11-04,18570.0,495.359985,507.730011,493.980011,496.950012,501.65677358934533,502.9472902012574,500.54319159691084
2020-11-05,18571.0,506.559998,518.72998,503.450012,513.76001,510.729351101647,513.0423977601565,511.65170757187354
2020-11-06,18572.0,515.0,515.210022,502.51001,514.72998,508.8952435705311,506.4868868625597,509.4466050492666
2020-11-09,18575.0,485.540009,495.850006,467.26001,470.5,480.1374414242244,482.5860075166857,482.6521487671628
2020-11-10,18576.0,470.950012,484.600006,463.410004,480.23999,478.82958108218963,476.4641527208041,479.5488096667782
2020-11-11,18577.0,483.0,491.679993,478.26001,490.76001,487.207613378125,485.7599277318776,486.7517498263307
2020-11-12,18578.0,491.0,496.519989,480.429993,486.769989,489.3296423864007,488.0291045694673,488.5525079030473
2020-11-13,18579.0,486.769989,488.940002,477.799988,482.839996,482.7007810365846,481.82779730652567,485.61641624324614
2020-11-16,18582.0,480.0,485.579987,477.299988,479.100006,480.015163679591,481.2255442230701,482.6077632996268
2020-11-17,18583.0,480.119995,487.51001,478.850006,480.630005,485.87902375525863,483.6164314353167,485.8458950996693
2020-11-18,18584.0,481.950012,488.609985,477.720001,481.790009,482.15068433112236,483.27918203130935,485.73733574480013
2020-11-19,18585.0,482.0,487.799988,480.470001,484.670013,487.1481698509103,484.0166924258713,487.2684360479211
2020-11-20,18586.0,485.220001,494.76001,481.570007,488.23999,488.03195526731326,489.26735609389056,489.3568458958627
2020-11-23,18589.0,490.459991,491.149994,475.839996,476.619995,479.69267123028493,481.3075902624536,480.9454668136492
2020-11-24,18590.0,478.839996,484.049988,475.890015,482.880005,478.82958108218963,479.62672812254704,479.5283820867409
2020-11-25,18591.0,485.130005,486.899994,478.920013,485.0,485.50630678127453,481.29871903696744,485.76354378486866
2020-11-27,18593.0,486.579987,493.25,481.850006,491.359985,488.03195526731326,487.64296892150276,488.9103641777586
2020-11-30,18596.0,490.079987,492.549988,481.269989,490.700012,488.03195526731326,485.4644887896049,487.6960267270573
2020-12-01,18597.0,492.339996,509.470001,491.980011,504.579987,503.87594427945635,504.47598024638216,500.04440362136967
2020-12-02,18598.0,501.619995,506.799988,493.5,503.380005,501.03350201101205,499.61337089928475,498.92992736738245
2020-12-03,18599.0,502.98999,508.769989,496.040009,497.519989,504.2245713670013,502.0961929131904,502.6048301982776
2020-12-04,18600.0,497.5,504.5,493.640015,498.309998,500.2985548343495,499.2643275602778,499.6632711988376
2020-12-07,18603.0,500.01001,517.76001,497.769989,515.780029,509.02544139727826,511.6630412434314,511.05813347994507
2020-12-08,18604.0,517.900024,521.48999,505.549988,512.659973,513.379782985574,512.2968942782732,512.3767219985173
2020-12-09,18605.0,510.529999,514.5,491.290009,493.600006,500.70287555706784,501.66578908447434,497.6675644933619
2020-12-10,18606.0,494.559998,503.769989,492.910004,501.089996,499.6073393445099,499.3484208660209,497.5877021866054
2020-12-11,18607.0,495.0,503.339996,494.850006,503.220001,500.136217635419,499.8390345743526,499.9725275891143
2020-12-14,18610.0,505.440002,524.159973,501.179993,522.419983,513.3737216320098,516.8379230930865,517.1473306438631
2020-12-15,18611.0,518.5,524.700012,513.559998,519.780029,519.404826162602,518.9661742234603,520.5297864598859
2020-12-16,18612.0,520.109985,527.380005,517.690002,524.830017,521.4201880599396,522.7897149502043,521.3079835848564
2020-12-17,18613.0,529.0,535.48999,526.440002,532.900024,532.5190692364638,530.9244785894662,532.3072314981271
2020-12-18,18614.0,533.200012,536.369995,526.02002,534.450012,532.1866989078924,529.9024627689332,531.9334514240023
2020-12-21,18617.0,530.049988,532.619995,521.150024,528.909973,525.285378142101,525.3572138512903,525.3390250016562
2020-12-22,18618.0,527.690002,530.400024,520.5,527.330017,522.699112275068,524.0158142757018,523.515138072772
2020-12-23,18619.0,524.76001,526.320007,514.200012,514.47998,520.3016325148748,518.3643206031617,519.5144075811016
2020-12-24,18620.0,515.119995,519.349976,512.210022,513.969971,515.8580902000658,514.9988451683948,515.9858395857149
2020-12-28,18624.0,516.429993,523.659973,507.130005,519.119995,515.2801958298035,515.4896762970246,513.8353003196805
2020-12-29,18625.0,519.900024,536.549988,515.47998,530.869995,528.3053526464042,529.4304248754479,529.6271294687938
2020-12-30,18626.0,530.130005,533.26001,523.690002,524.590027,528.6827333242669,527.1944596745693,527.6094817399792
2020-12-31,18627.0,525.530029,545.5,523.150024,540.72998,536.9390954041409,538.9055126254084,536.6474015851757
2021-01-04,18631.0,539.0,540.799988,515.090027,522.859985,526.3076384827408,525.7861738972784,524.3206554443861
2021-01-05,18632.0,521.549988,526.780029,515.890015,520.799988,520.8443579666362,520.8145417493149,519.3268553151313
2021-01-06,18633.0,511.970001,513.099976,499.5,500.48999,504.77981366979145,504.2503960651507,504.8539862426868
2021-01-07,18634.0,508.279999,516.440002,506.420013,508.890015,512.8572453502186,512.0355184160119,511.9097708207464
2021-01-08,18635.0,511.309998,513.23999,504.51001,510.399994,508.99531624795446,507.2299999846217,507.22211918611777
2021-01-11,18638.0,507.839996,510.730011,497.950012,499.100006,504.7317040582433,502.9625903586641,504.12261285564625
2021-01-12,18639.0,500.0,501.089996,485.670013,494.25,492.8573341564232,491.3086054258961,492.0031893329357
2021-01-13,18640.0,495.5,512.349976,493.01001,507.790009,506.07012498930834,506.2776496353583,503.1405691035331
2021-01-14,18641.0,507.350006,514.5,499.579987,500.859985,506.3349340660217,507.16822355869886,505.4551566694402
2021-01-15,18642.0,500.0,506.320007,495.100006,497.980011,500.2985548343495,500.6410584071185,499.90299175114944
2021-01-19,18646.0,501.0,509.25,493.540009,501.769989,505.4992600551044,501.92442510287674,502.88228078218765
2021-01-20,18647.0,565.419983,593.289978,556.859985,586.340027,580.0349527451945,582.1003234048572,581.1460362311138
2021-01-21,18648.0,582.450012,588.75,570.400024,579.840027,581.4633259660105,579.100159618533,577.0721654975898
2021-01-22,18649.0,582.099976,583.98999,564.349976,565.169983,576.1716967083373,572.0589906193653,568.8809725933666
2021-01-25,18652.0,567.0,569.75,548.650024,556.780029,557.8241069629847,557.4124790823687,554.5348899511075
2021-01-26,18653.0,554.72998,567.98999,554.059998,561.929993,566.1241021683816,563.2676672227,561.3105022480735
2021-01-27,18654.0,550.710022,556.419983,515.72998,523.280029,530.3154523908152,534.966501096344,526.1958962571396
2021-01-28,18655.0,535.880005,553.150024,530.73999,538.599976,538.6790377491728,545.5101980024158,541.2524945444926
2021-01-29,18656.0,538.0,541.0,530.179993,532.390015,532.6335938057821,534.2110232282761,533.8612547023306
2021-02-01,18659.0,536.789978,545.059998,531.72998,539.039978,538.2474061228571,538.8835184302569,539.6544785338336
2021-02-02,18660.0,542.01001,555.47998,538.929993,548.159973,549.1964130069246,549.500877877221,548.3983470212671
2021-02-03,18661.0,550.169983,550.47998,538.23999,539.450012,544.2142996510883,541.9331106133521,543.2993444654114
2021-02-04,18662.0,539.809998,559.47998,537.51001,552.159973,548.102984703646,552.9339149030912,550.7532289606073
2021-02-05,18663.0,552.26001,554.440002,545.47998,550.789978,548.4540101575636,548.2836586213169,548.2064020573566
2021-02-08,18666.0,555.0,555.0,543.700012,547.919983,549.0456439245081,546.8177236890866,547.9272242125237
2021-02-09,18667.0,546.0,566.0,543.0,559.070007,553.0740798342949,559.0180267549536,554.1184231339388
2021-02-10,18668.0,562.5,566.650024,553.460022,563.590027,566.1241021683816,558.9711332666475,560.7550179164289
2021-02-11,18669.0,564.440002,565.929993,554.219971,557.590027,564.6631006787435,558.0495264309401,561.238112818259
2021-02-12,18670.0,556.940002,561.25,550.849976,556.52002,555.5818572047751,555.1039519022855,555.147256328132
2021-02-16,18674.0,557.289978,563.630005,552.72998,557.280029,559.7759193649339,557.9616335645819,558.3260785330596
2021-02-17,18675.0,550.98999,555.25,543.030029,551.340027,550.2437338764641,548.1512901209047,548.8457702135958
2021-02-18,18676.0,549.0,550.0,538.22998,548.219971,544.2142996510883,541.9537327222278,543.2993444654114
2021-02-19,18677.0,548.0,548.98999,538.809998,540.219971,544.9864988286184,541.7742052242698,543.2993444654114
2021-02-22,18680.0,534.98999,541.789978,530.789978,533.780029,533.9301417502263,536.3008644011686,534.6073901381295
2021-02-23,18681.0,525.0,548.539978,518.280029,546.150024,532.9630956132853,539.1131655729215,537.0011808245478
2021-02-24,18682.0,539.799988,556.849976,539.070007,553.409973,550.0857931078805,551.5393174262443,549.868450495813
2021-02-25,18683.0,550.27002,556.47998,535.75,546.700012,546.1901243422365,545.6451711438934,547.6016451431018
2021-02-26,18684.0,546.51001,553.090027,538.0,538.849976,543.8073505306006,545.3494683744177,544.0671945471872
2021-03-01,18687.0,545.570007,552.140015,542.0,550.640015,547.1615875696765,546.9863722914174,546.1266109152923
2021-03-02,18688.0,553.340027,556.98999,546.02002,547.820007,551.8097682964446,550.3156525787136,552.7387339069448
2021-03-03,18689.0,545.929993,548.01001,517.809998,520.700012,528.7066260018598,530.7310407594421,525.0518512006772
2021-03-04,18690.0,521.5,531.5,507.679993,511.290009,516.9263536265245,520.5138011618559,514.6135464627113
2021-03-05,18691.0,511.980011,517.76001,498.790009,516.390015,507.0821417023629,507.79818538283683,508.22799734800253
2021-03-08,18694.0,514.460022,518.840027,492.850006,493.329987,503.62975095528816,504.6906351273576,497.6675644933619
2021-03-09,18695.0,507.309998,513.109985,503.820007,506.440002,507.7571255548825,508.2295472088985,506.18898562190344
2021-03-10,18696.0,513.5,518.969971,504.25,504.540009,509.671438343456,511.1126915855958,509.25020825939055
2021-03-11,18697.0,512.200012,530.23999,510.709991,523.059998,521.1294996726724,524.4543410006415,523.2324757476413
2021-03-12,18698.0,512.5,526.51001,506.589996,518.02002,515.4859382463449,519.0504118924459,513.2403913387761
2021-03-15,18701.0,516.320007,520.72998,508.029999,520.25,514.7636301543962,513.5342421831126,515.9108369378012
2021-03-16,18702.0,524.469971,533.419983,523.210022,524.030029,530.2981038191804,529.1578448714548,528.4001757707722
2021-03-17,18703.0,522.0,528.369995,514.299988,524.440002,521.6875566054402,521.1563028866146,521.445605732704
2021-03-18,18704.0,516.400024,517.900024,503.850006,504.790009,509.671438343456,508.93737806779507,509.46582757942053
2021-03-19,18705.0,504.959991,513.190002,501.630005,512.179993,509.3206877084767,508.0154266773786,508.193491471675
2021-03-22,18708.0,509.130005,529.309998,509.130005,523.109985,520.3320280562541,523.9734967311781,520.7193460106971
2021-03-23,18709.0,529.869995,543.119995,529.400024,535.090027,537.4170633264432,538.574989496262,537.2106582007502
2021-03-24,18710.0,533.780029,534.419983,520.0,520.809998,525.6767872544365,524.9006209854792,525.0508473784408
2021-03-25,18711.0,516.98999,518.530029,497.0,502.859985,506.342693229111,505.6697297612383,507.2685830649749
2021-03-26,18712.0,502.820007,508.720001,496.679993,508.049988,504.51885515950136,502.45115606501463,503.60553919542724
2021-03-29,18715.0,505.660004,518.0,504.399994,513.950012,511.2561499827745,513.2552622612085,512.1399527543964
2021-03-30,18716.0,510.51001,514.409973,506.910004,513.390015,512.1073595434402,509.7635094988773,509.1310571272896
2021-03-31,18717.0,515.669983,528.130005,515.440002,521.659973,521.9884575597016,523.8761198371928,521.9863435947053
2021-04-01,18718.0,529.929993,540.5,527.030029,539.419983,532.5190692364638,535.1084884165848,532.7703998513205
2021-04-05,18722.0,540.01001,542.849976,529.22998,540.669983,536.2814471312728,534.5330635887377,535.7194651410175
2021-04-06,18723.0,544.809998,554.169983,543.299988,544.530029,548.5114158881406,549.6540124693983,548.5560281851039
2021-04-07,18724.0,543.5,549.640015,541.450012,546.98999,546.4822399612043,545.3550065357107,545.2854880320847
2021-04-08,18725.0,551.130005,556.900024,547.570007,554.580017,554.6992920215907,551.8622838490056,553.5216051433357
2021-04-09,18726.0,552.690002,556.900024,547.109985,555.309998,553.6980833837542,551.0485957118466,553.2020758875797
2021-04-12,18729.0,551.049988,557.97998,549.580017,552.780029,555.564738147037,553.8515894584718,554.7063371757592
2021-04-13,18730.0,557.0,559.75,550.299988,553.72998,555.5818572047751,553.5317254287145,555.147256328132
2021-04-14,18731.0,554.869995,554.869995,538.530029,540.02002,546.033900660173,544.0531826040569,543.9118908018704
2021-04-15,18732.0,544.169983,553.48999,542.659973,549.219971,548.0761392372203,548.9821775904949,548.5560281851039
2021-04-16,18733.0,550.539978,551.97998,539.51001,546.539978,545.8402992495376,543.7237790843313,543.7226373541273
2021-04-19,18736.0,546.900024,556.440002,545.530029,554.440002,551.6432342599999,551.9627670951078,552.0095926126788
2021-04-20,18737.0,554.419983,563.559998,546.299988,549.570007,552.909026899227,555.5956134450563,552.9330357434886
2021-04-21,18738.0,508.0,515.460022,503.600006,508.899994,509.34988913012796,509.83918165689886,509.7005935454393
2021-04-22,18739.0,513.820007,513.960022,500.549988,508.779999,506.12238455884227,504.84354208101007,506.0715575869682
2021-04-23,18740.0,509.01001,509.700012,500.700012,505.549988,504.92674928987697,503.1033809747508,505.0694120033597
2021-04-26,18743.0,506.76001,510.480011,503.0,510.299988,508.10241180518614,505.7891087355208,506.53974903591507
2021-04-27,18744.0,512.619995,512.98999,504.579987,505.549988,508.07818201946867,506.57481220588704,506.96148731363627
2021-04-28,18745.0,505.200012,508.399994,503.339996,506.519989,506.3727086376467,504.78916277931137,504.97646828808246
2021-04-29,18746.0,507.600006,509.290009,499.0,509.0,504.7873830048299,502.38756224289057,504.17780696647594
2021-04-30,18747.0,505.0,514.549988,505.0,513.469971,511.7856631433527,510.90735286212777,509.92441429892824
2021-05-03,18750.0,512.650024,518.950012,505.200012,509.109985,512.3317352248624,511.90486425857546,511.08986128940467
2021-05-04,18751.0,510.779999,511.630005,496.790009,503.179993,504.11774748915803,502.0334801305395,503.6174974796163
2021-05-05,18752.0,504.98999,507.779999,494.630005,496.079987,501.36248979684535,499.79084438274185,500.1984859268083
2021-05-06,18753.0,495.98999,499.549988,491.369995,499.549988,497.63391026455764,494.4656339885716,495.01806659798797
2021-05-07,18754.0,504.619995,508.549988,501.119995,503.839996,505.20247733067634,503.9679174685781,505.01319616105695
2021-05-10,18757.0,502.0,503.149994,486.109985,486.690002,493.45785620206277,492.5377991314457,492.0031893329357
2021-05-11,18758.0,479.75,497.98999,478.630005,495.079987,489.92108455890803,492.4590376165273,490.93925496299806
2021-05-12,18759.0,486.829987,493.540009,482.700012,484.980011,488.03195526731326,488.2396154604934,488.66688034108984
2021-05-13,18760.0,489.130005,490.779999,482.709991,486.660004,487.67573355084494,485.0764607722416,488.0263081262859
2021-05-14,18761.0,487.859985,494.850006,486.589996,493.369995,489.54745567271164,490.9975631888235,491.0977998920027
2021-05-17,18764.0,485.589996,492.709991,482.809998,488.940002,488.03195526731326,488.0540450248674,488.66688034108984
2021-05-18,18765.0,488.399994,493.480011,486.190002,486.279999,489.1290715070698,489.436817519302,490.842930638677
2021-05-19,18766.0,481.630005,488.570007,478.540009,487.700012,486.5706570569253,483.7918112191112,486.3114902692222
2021-05-20,18767.0,489.549988,502.700012,488.980011,501.670013,497.138380101134,498.2339680042206,496.72333393087035
2021-05-21,18768.0,503.119995,505.399994,497.26001,497.890015,500.2985548343495,499.84950122179094,500.10117981691303
2021-05-24,18771.0,501.049988,504.25,499.51001,502.899994,500.9379446610691,500.818360764898,500.9123731865201
2021-05-25,18772.0,506.0,506.369995,499.220001,501.339996,500.9379446610691,500.6325030692377,500.88459223034323
2021-05-26,18773.0,502.339996,504.140015,500.5,502.359985,500.9379446610691,500.7693614046161,501.69461978986357
2021-05-27,18774.0,501.799988,505.100006,498.540009,503.859985,500.9379446610691,500.75117606326376,500.71258518946416
2021-05-28,18775.0,504.399994,511.76001,502.529999,502.809998,508.10241180518614,507.4879873402049,507.0694705429786
2021-06-01,18779.0,504.01001,505.410004,497.73999,499.079987,500.2985548343495,499.78184436638645,500.29931317552473
2021-06-02,18780.0,499.820007,503.220001,495.820007,499.23999,500.136217635419,498.4741353430541,499.04000177433437
2021-06-03,18781.0,495.190002,496.660004,487.25,489.429993,490.61948804671056,490.17294671309656,491.61226335192157
2021-06-04,18782.0,492.0,501.859985,490.950012,494.73999,496.85655063901277,497.6565774351516,495.9245105561775
2021-06-07,18785.0,492.920013,496.700012,490.549988,494.660004,494.88425042002063,492.76592231816073,494.58512136341085
2021-06-08,18786.0,497.0,498.820007,489.369995,492.390015,495.7475549385828,492.4344519164789,494.41537817579245
2021-06-09,18787.0,494.5,496.089996,484.649994,485.809998,489.70094196750335,488.58737367003584,490.60200614593685
2021-06-10,18788.0,487.170013,490.209991,482.140015,487.269989,487.67573355084494,485.01882152156713,488.09088030594665
2021-06-11,18789.0,490.0,491.410004,487.779999,488.769989,489.1290715070698,487.937723388618,491.0977998920027
2021-06-14,18792.0,489.679993,503.5,486.910004,499.890015,494.1563949749795,497.7773991506981,495.7126218746662
2021-06-15,18793.0,501.230011,501.230011,490.399994,491.899994,496.26039397382755,493.44736489546165,494.02046970000663
2021-06-16,18794.0,495.0,496.459991,486.279999,492.410004,490.42675862615727,489.5672770535741,490.74752660555407
2021-06-17,18795.0,490.25,501.799988,490.149994,498.339996,496.85655063901277,497.8308239573215,496.1517660897246
2021-06-18,18796.0,496.399994,504.48999,495.23999,500.769989,500.2985548343495,500.4965448450073,500.28572203273154
2021-06-21,18799.0,501.640015,502.049988,492.279999,497.0,498.1242485391693,494.9698147112342,494.5247403322539
2021-06-22,18800.0,498.540009,513.549988,495.799988,508.820007,506.8822874058163,507.6293949933374,505.0822876402129
2021-06-23,18801.0,508.480011,516.630005,508.200012,512.73999,513.8048639747715,513.0525522496745,513.2721242759642
2021-06-24,18802.0,517.960022,520.960022,514.400024,518.059998,517.354182763235,516.4555534167849,518.7585708809602
2021-06-25,18803.0,528.840027,533.059998,525.0,527.070007,531.333977988458,528.1849407759082,529.8815362103251
2021-06-28,18806.0,528.119995,533.940002,524.559998,533.030029,531.3335048145439,528.9602238113804,529.9513652236722
2021-06-29,18807.0,533.549988,536.130005,528.570007,533.5,532.6219038177138,530.9049935246711,532.288594638976
2021-06-30,18808.0,534.059998,534.380005,526.820007,528.210022,531.1306929715288,528.3296103818171,530.7204461308849
2021-07-01,18809.0,525.719971,537.039978,525.719971,533.539978,532.963932568282,533.0579476414363,533.3842532788418
2021-07-02,18810.0,535.5,538.539978,529.390015,533.97998,532.6335938057821,532.6458342366891,532.7768739656112
2021-07-06,18814.0,533.0,542.859985,533.0,541.640015,539.4913690931255,539.0881410882752,543.4233783714122
2021-07-07,18815.0,544.23999,544.640015,531.659973,535.960022,536.5831117395113,535.7560423835813,538.2152540140847
2021-07-08,18816.0,530.929993,535.5,529.090027,530.76001,533.0159374745319,531.60920666257,532.7452459139188
2021-07-09,18817.0,531.0,538.26001,528.580017,535.97998,532.6219038177138,533.6401287779287,533.0159099135751
2021-07-12,18820.0,540.299988,540.650024,532.919983,537.309998,535.7948070903834,534.5038148265464,538.1086119404982
2021-07-13,18821.0,535.76001,545.330017,535.76001,540.679993,542.840412961279,541.596156725158,543.3447959220828
2021-07-14,18822.0,541.01001,554.099976,541.01001,547.950012,547.5960243277677,549.7941043121733,545.8643775661612
2021-07-15,18823.0,553.969971,557.539978,538.200012,542.950012,548.0260059893819,546.4588411846192,547.4110640905994
2021-07-16,18824.0,541.809998,544.059998,527.049988,530.309998,535.6122704521332,533.750546556118,534.6148199743957
2021-07-19,18827.0,526.049988,534.909973,522.23999,532.280029,531.4831950671862,529.3243876358122,530.0305532756539
2021-07-20,18828.0,526.070007,536.640015,520.299988,531.049988,528.6509258177931,529.7590841631826,527.791300888606
2021-07-21,18829.0,526.130005,530.98999,505.609985,513.630005,516.306513147649,517.3010919454725,513.854365740596
2021-07-22,18830.0,510.209991,513.679993,507.0,511.769989,512.1073595434402,509.3063238623469,508.80146579494584
2021-07-23,18831.0,512.159973,517.409973,504.660004,515.409973,511.935842627635,510.5062558114164,511.4283685914567
2021-07-26,18834.0,514.380005,521.130005,509.01001,516.48999,515.8509289892348,515.0961330607138,517.1903909710871
2021-07-27,18835.0,518.080017,521.950012,512.049988,518.909973,516.9065611575339,516.0161998921352,518.4685043379916
2021-07-28,18836.0,521.820007,524.469971,516.97998,519.299988,519.9475516143634,519.3406392994069,520.5297864598859
2021-07-29,18837.0,519.960022,520.780029,513.789978,514.25,517.1123582657349,515.2502509624176,518.7585708809602
2021-07-30,18838.0,512.690002,519.789978,510.959991,517.570007,515.3377558611048,515.608554717698,517.0047442980659
2021-08-02,18841.0,519.0,519.849976,510.51001,515.150024,515.0405431344941,513.1053327453956,516.0406509120711
2021-08-03,18842.0,514.390015,515.630005,505.369995,510.820007,511.5555404519375,508.5597443407832,510.5727531058239
2021-08-04,18843.0,513.0,517.97998,510.369995,517.349976,514.8336699980689,513.6626094405566,515.3750651544175
2021-08-05,18844.0,517.130005,525.409973,514.02002,524.890015,520.3016325148748,520.3076701803324,521.0849305702933
2021-08-06,18845.0,524.0,526.840027,519.390015,520.549988,520.8443579666362,521.7946461980891,520.022011548105
2021-08-09,18848.0,521.150024,522.669983,517.98999,519.969971,519.1197884118037,518.599678991618,518.9894539272891
2021-08-10,18849.0,520.0,520.789978,512.969971,515.840027,517.1123582657349,514.8152356859126,518.7353585830982
2021-08-11,18850.0,517.0,519.570007,509.769989,512.400024,514.893293529494,513.2176383646774,514.211141789965
2021-08-12,18851.0,511.859985,513.0,507.200012,510.720001,510.3489220465747,508.2322409830076,508.45785080269513
2021-08-13,18852.0,512.640015,521.440002,511.51001,515.919983,516.9065611575339,517.3034039604789,518.8258818751644
2021-08-16,18855.0,515.23999,523.380005,512.299988,517.919983,518.8492669833597,518.3941256643931,520.7118905042448
2021-08-17,18856.0,515.469971,520.789978,514.200012,518.909973,517.1123582657349,517.1227664290332,518.8486977222412
2021-08-18,18857.0,520.0,526.380005,518.650024,521.869995,520.8443579666362,522.4902629902075,519.3258103158628
2021-08-19,18858.0,522.73999,548.390015,521.869995,543.710022,537.1463338233991,541.6941646866188,539.3199662772695
2021-08-20,18859.0,545.090027,551.390015,539.099976,546.880005,546.1114743320377,545.0152703368059,545.0398214390093
2021-08-23,18862.0,545.97998,555.549988,543.73999,553.330017,550.514908958964,550.6158003936,551.4816344553717
2021-08-24,18863.0,551.47998,555.309998,549.27002,553.409973,554.0864981209322,551.284034740132,550.8322647711038
2021-08-25,18864.0,550.159973,552.840027,545.450012,547.580017,547.2786957571765,547.6928031970133,546.9728812576186
2021-08-26,18865.0,546.159973,552.599976,545.900024,550.119995,547.7520839558756,549.1957191899932,548.6263871438592
2021-08-27,18866.0,551.599976,564.169983,549.25,558.919983,556.5734389816799,558.6875000113606,554.9037377844694
2021-08-30,18869.0,557.25,567.159973,556.450012,566.179993,573.364606326926,562.892563199974,566.4499995682434
2021-08-31,18870.0,566.119995,569.47998,561.609985,569.190002,576.1716967083373,564.2840125955303,566.529252285311
2021-09-01,18871.0,569.0,591.0,569.0,582.070007,581.4633259660105,585.2041179214489,578.0290959915494
2021-09-02,18872.0,583.679993,598.76001,583.679993,588.549988,587.5467802813243,594.0170894117317,590.9978390760795
2021-09-03,18873.0,585.799988,591.880005,583.140015,590.530029,583.42916125116,587.1644960505856,586.9901747990873
2021-09-07,18877.0,594.690002,613.849976,593.98999,606.710022,605.8876341063512,608.063975825237,602.441473049613
2021-09-08,18878.0,603.840027,615.599976,595.710022,606.049988,605.8876341063512,607.0743159519292,605.8233841733662
2021-09-09,18879.0,606.469971,609.440002,596.549988,597.539978,603.451357017387,601.3618860633875,602.7343072620935
2021-09-10,18880.0,598.159973,609.450012,593.669983,598.719971,599.8494626991034,602.9179742180675,601.7845232300641
2021-09-13,18883.0,598.570007,598.570007,582.780029,589.289978,587.7387573259218,587.9156280983483,592.4449246398241
2021-09-14,18884.0,584.890015,587.280029,575.559998,577.76001,578.8943243839325,579.6639048770385,580.3876274013652
2021-09-15,18885.0,578.169983,584.619995,575.369995,582.869995,578.8943243839325,579.7945822866117,578.9513234263326
2021-09-16,18886.0,584.299988,587.47998,577.719971,586.5,582.4210334285106,581.1782467102197,583.4190809619652
2021-09-17,18887.0,587.849976,590.280029,580.849976,589.349976,583.42916125116,583.8672322110392,585.7262552553509
2021-09-20,18890.0,586.789978,591.530029,568.080017,575.429993,581.0122985844935,578.6327576121852,577.0925534409469
2021-09-21,18891.0,578.309998,581.880005,569.369995,573.140015,577.6308519125039,574.299900908394,571.5803976582715
2021-09-22,18892.0,579.690002,595.650024,579.690002,590.650024,585.2589057932723,590.7792777142757,588.7992696166513
2021-09-23,18893.0,590.789978,599.320007,589.130005,593.26001,595.0645539828498,594.7253360020026,593.6126460679667
2021-09-24,18894.0,592.5,592.97998,583.640015,592.390015,586.7777827551644,585.8900390313971,589.1295006509052
2021-09-27,18897.0,587.950012,593.580017,576.929993,592.640015,586.267033615922,584.5589160401881,588.2828535835009
2021-09-28,18898.0,589.0,599.539978,580.159973,583.849976,586.267033615922,590.8786428570955,588.6816098559614
2021-09-29,18899.0,589.01001,609.880005,588.01001,599.059998,598.3777389891034,603.6828450347645,598.6651531273232
2021-09-30,18900.0,608.049988,619.0,608.049988,610.340027,612.5264740221784,614.8408278218756,611.836634694893
2021-10-01,18901.0,604.23999,614.98999,597.51001,613.150024,610.705689738854,607.3549298738532,608.3231672930985
2021-10-04,18904.0,613.390015,626.130005,594.679993,603.349976,605.8876341063512,611.8906796265833,606.3183837413046
2021-10-05,18905.0,606.940002,640.390015,606.890015,634.809998,625.4891113094563,632.6475905242974,630.8437160893702
2021-10-06,18906.0,628.179993,639.869995,626.359985,639.099976,635.7499353117801,634.5846005764076,634.5438028485758
2021-10-07,18907.0,642.22998,646.840027,630.450012,631.849976,637.9506126846967,637.4276284195439,636.1073217125113
2021-10-08,18908.0,634.169983,643.799988,630.859985,632.659973,637.9506126846967,638.0444412669227,636.3444029476925
2021-10-11,18911.0,633.200012,639.419983,626.780029,627.039978,634.4491383348104,632.5808961682184,630.9507172335941
2021-10-12,18912.0,633.02002,637.659973,621.98999,624.940002,628.360028068253,628.6612765467205,626.700972982611
2021-10-13,18913.0,632.179993,632.179993,622.099976,629.76001,627.086059210753,624.4145743775547,625.9030471856742
2021-10-14,18914.0,632.22998,636.880005,626.789978,633.799988,632.6702727113488,630.8044517062087,631.6051671570041
2021-10-15,18915.0,638.0,639.419983,625.159973,628.289978,630.1388936917145,629.9702742539057,629.0453014021665
2021-10-18,18918.0,632.099976,638.409973,620.590027,637.969971,628.360028068253,628.8987479111216,627.4307689483333
2021-10-19,18919.0,636.969971,641.0,632.299988,639.0,637.9506126846967,635.4115498511586,636.3444029476925
2021-10-20,18920.0,625.570007,637.400024,617.150024,625.140015,625.8460853516726,628.6494688316423,628.9884726141815
2021-10-21,18921.0,628.890015,654.01001,628.650024,653.159973,645.5112470450994,647.4235180180511,648.9339804460565
2021-10-22,18922.0,651.809998,665.460022,651.809998,664.780029,673.4928691370842,660.7483395138441,661.9293177573408
2021-10-25,18925.0,663.73999,675.880005,657.070007,671.659973,675.2783240822357,667.886029736671,666.5413898319902
2021-10-26,18926.0,673.76001,676.48999,662.77002,668.52002,675.2783240822357,667.6978245050875,666.4021009738443
2021-10-27,18927.0,669.0,671.409973,661.849976,662.919983,675.2783240822357,664.6896106687597,665.6859443022803
2021-10-28,18928.0,670.950012,676.799988,668.030029,674.049988,675.2783240822357,671.7411850240735,666.9004028108924
2021-10-29,18929.0,673.059998,690.969971,671.23999,690.309998,676.8798024780399,684.5718779203195,685.5371009797934
2021-11-01,18932.0,689.059998,689.969971,676.539978,681.169983,676.8798024780399,680.6220933531309,685.1415836856543
2021-11-02,18933.0,683.109985,687.679993,673.820007,677.719971,676.8798024780399,679.4586724336763,682.8010516319532
2021-11-03,18934.0,677.27002,689.390015,677.27002,688.289978,676.8798024780399,684.8475522416954,685.5194613972599
2021-11-04,18935.0,685.890015,685.940002,665.5,668.400024,676.8798024780399,672.6228338707691,682.2126262216625
2021-11-05,18936.0,663.969971,665.640015,645.01001,645.719971,650.6722143665613,652.876881977795,648.3006432610783
2021-11-08,18939.0,650.289978,656.0,643.789978,651.450012,650.6722143665613,649.1508482823144,646.5778047673343
2021-11-09,18940.0,653.700012,660.5,650.52002,655.98999,667.3625319181041,655.2043203834608,660.0206762616607
2021-11-10,18941.0,653.01001,660.330017,642.109985,646.909973,648.2524773795438,650.9179821243707,645.1111733818599
2021-11-11,18942.0,650.23999,665.820007,649.710022,657.580017,667.3625319181041,660.5303577183234,658.8928098035942
2021-11-12,18943.0,660.01001,683.340027,653.820007,682.609985,676.8798024780399,673.8370095090494,680.3078919695188
2021-11-15,18946.0,681.23999,685.26001,671.48999,679.330017,676.8798024780399,676.8905700737948,682.2008189946027
2021-11-16,18947.0,678.27002,688.359985,676.900024,687.400024,676.8798024780399,683.4196461046215,683.5011075135683
2021-11-17,18948.0,690.0,700.98999,686.090027,691.690002,676.8798024780399,694.5457517104713,686.0098909423027
2021-11-18,18949.0,691.609985,691.73999,679.73999,682.02002,676.8798024780399,682.8480650605176,686.0098909423027
2021-11-19,18950.0,692.349976,694.159973,675.0,678.799988,676.8798024780399,682.1351529696914,685.9742267422934
2021-11-22,18953.0,676.02002,679.47998,656.469971,659.200012,675.2783240822357,666.0906240278498,664.154944876433
2021-11-23,18954.0,658.179993,666.429993,646.049988,654.059998,655.0582943235028,656.2129646407758,651.2431796169681
2021-11-24,18955.0,658.01001,661.440002,651.099976,658.289978,672.0185996986227,654.7151650076164,660.5103632365254
2021-11-26,18957.0,675.0,676.409973,660.669983,665.640015,675.2783240822357,666.0769583331395,666.4021009738443
2021-11-29,18960.0,663.200012,667.98999,658.289978,663.840027,673.4928691370842,662.0807006159054,664.6483215079122
2021-11-30,18961.0,668.200012,675.380005,640.01001,641.900024,647.2967019902509,656.9074139302958,645.9068507543011
2021-12-01,18962.0,649.47998,654.52002,617.070007,617.77002,636.4863823125064,634.2334281987692,621.7587535936499
2021-12-02,18963.0,617.099976,625.359985,612.880005,616.469971,613.7002198101592,619.394351564656,612.6790864485383
2021-12-03,18964.0,622.75,625.5,594.0,602.130005,607.061379894332,607.5657336628466,606.0010521231081
2021-12-06,18967.0,606.01001,617.289978,601.0,612.690002,610.705689738854,610.4651940603335,609.1113142559328
2021-12-07,18968.0,619.830017,628.890015,611.400024,625.580017,614.5744867101591,620.5889736534558,612.9941881719858
2021-12-08,18969.0,630.0,632.460022,623.200012,628.080017,627.086059210753,626.0263857454248,628.6655111288889
2021-12-09,18970.0,627.580017,630.23999,610.440002,611.0,621.4974838590463,618.3758601372413,613.3145693004655
2021-12-10,18971.0,616.780029,617.73999,605.880005,611.659973,612.1170095077171,609.4380564942171,611.6590712864461
2021-12-13,18974.0,612.0,612.640015,599.52002,604.559998,610.705689738854,603.5763887531007,605.87084097569
2021-12-14,18975.0,598.710022,602.289978,588.130005,597.98999,596.5362776928498,593.7924981409675,596.7319041399747
2021-12-15,18976.0,598.179993,605.690002,584.51001,605.039978,598.892062975889,594.9567269899632,600.6300149568605
2021-12-16,18977.0,597.090027,602.830017,588.0,591.059998,597.6005864619674,594.774349965909,599.829417996684
2021-12-17,18978.0,591.609985,593.25,581.73999,586.72998,586.267033615922,585.4510135174136,588.0366103523027
2021-12-20,18981.0,586.429993,602.880005,584.26001,593.73999,591.4724687854725,596.7779597656987,595.736760914144
2021-12-21,18982.0,597.539978,607.820007,593.859985,604.919983,599.8494626991034,601.8730311044347,601.4364483387367
2021-12-22,18983.0,603.359985,614.820007,602.630005,614.23999,610.9432637197363,610.2119247043042,610.2734846398929
2021-12-23,18984.0,616.400024,616.880005,607.570007,614.090027,612.7799699734925,609.7373120145083,611.7691106197439
2021-12-27,18988.0,615.0,615.0,609.25,613.119995,612.5264740221784,609.5475025081442,611.6881097352301
2021-12-28,18989.0,614.950012,618.409973,609.690002,610.710022,612.5264740221784,612.6662978319708,611.7691106197439
2021-12-29,18990.0,610.710022,613.97998,604.679993,610.539978,610.9432637197363,607.8759408357936,608.8032979354224
2021-12-30,18991.0,612.98999,620.609985,611.23999,612.090027,612.5264740221784,616.0486948297465,611.836634694893
2021-12-31,18992.0,610.01001,614.080017,602.049988,602.440002,610.9432637197363,606.8423823954344,606.4496848836734
2022-01-03,18995.0,605.609985,609.98999,590.559998,597.369995,599.8494626991034,599.0092541849716,601.4364483387367
2022-01-04,18996.0,599.909973,600.409973,581.599976,591.150024,587.7387573259218,588.3551706358522,592.10989302757
2022-01-05,18997.0,592.0,592.840027,566.880005,567.52002,581.0122985844935,577.1937869658267,572.2910121111047
2022-01-06,18998.0,554.340027,563.359985,542.01001,553.289978,551.5752790229897,553.2138206245223,551.0511487048267
2022-01-07,18999.0,549.460022,553.429993,538.219971,541.059998,544.6025829210882,544.6667213345237,543.2993444654114
2022-01-10,19002.0,538.48999,543.690002,526.320007,539.849976,536.0118132410537,534.2773286027162,535.1559334721902
2022-01-11,19003.0,536.98999,543.909973,530.070007,540.840027,537.1947815451933,536.9741414723585,537.063056644675
2022-01-12,19004.0,544.27002,544.27002,532.02002,537.219971,536.5831117395113,535.6217929262406,538.3061224581115
2022-01-13,19005.0,537.059998,540.789978,518.26001,519.200012,526.3076384827408,528.1478325574092,524.2905673037283
2022-01-14,19006.0,517.599976,538.369995,511.880005,525.690002,528.0635281489042,529.9254739020977,530.7050198997266
2022-01-18,19010.0,520.080017,521.75,508.679993,510.799988,515.1744510639201,513.3511405682203,515.2221182036444
2022-01-19,19011.0,515.0,523.210022,510.51001,515.859985,517.5990971601551,517.4034159926991,519.9309363559813
2022-01-20,19012.0,517.75,526.640015,506.929993,508.25,515.2801958298035,517.4085949110765,512.0571003145463
2022-01-21,19013.0,400.429993,409.149994,379.98999,397.5,399.4651150097812,395.251982246485,396.7046594779125
2022-01-24,19016.0,383.910004,387.26001,351.459991,387.149994,375.8962994516307,367.9801620026002,382.31126248772364
2022-01-25,19017.0,379.140015,387.709991,365.130005,366.420013,377.71153500182066,377.2582760798273,371.7329901935724
2022-01-26,19018.0,378.269989,382.660004,356.619995,359.700012,375.1400036006423,368.8780021234421,379.490744751708
2022-01-27,19019.0,382.059998,394.799988,378.100006,386.700012,388.14688884598905,388.93423502591304,387.7556030805316
2022-01-28,19020.0,386.76001,387.0,372.079987,384.359985,379.4658011554191,377.49428595441617,379.72430398027177
2022-01-31,19023.0,401.970001,427.700012,398.200012,427.140015,417.9571776184845,419.8211149051032,421.40864594042813
2022-02-01,19024.0,432.959991,458.480011,425.540009,457.130005,447.60257298465103,448.6374041659157,453.1650132347551
2022-02-02,19025.0,448.25,451.980011,426.480011,429.480011,441.31771318270285,438.0393780826754,434.0261198052115
2022-02-03,19026.0,421.440002,429.26001,404.279999,405.600006,419.3925124700222,417.15905218399746,417.60994465489347
2022-02-04,19027.0,407.309998,412.769989,396.640015,410.170013,409.6039009082375,404.47591215750924,409.3780630322119
2022-02-07,19030.0,410.170013,412.350006,393.549988,402.100006,408.1303270242506,401.4560623977303,404.9361096587084
2022-02-08,19031.0,398.179993,406.609985,395.829987,403.529999,406.0895062502102,402.2217823320427,406.3142197678065
2022-02-09,19032.0,408.649994,412.980011,398.790009,412.890015,410.9859839393169,405.28436820438714,409.9643348962453
2022-02-10,19033.0,402.100006,408.0,396.359985,406.269989,406.7754971119749,402.22860559708465,406.459751567911
2022-02-11,19034.0,405.329987,411.609985,387.649994,391.309998,401.50593578382154,399.52697823481077,397.3901829240412
2022-02-14,19037.0,387.589996,409.359985,386.890015,396.570007,399.2069931033709,403.75387445358086,398.46764406906954
2022-02-15,19038.0,403.790009,409.160004,401.01001,407.459991,407.56308013419715,405.01514024336876,408.29564812142655
2022-02-16,19039.0,401.529999,401.559998,390.380005,398.079987,396.1072261995817,393.89073415290454,395.0695646840833
2022-02-17,19040.0,394.23999,399.109985,385.700012,386.670013,395.168012272934,392.0602521276724,395.3831049510451
2022-02-18,19041.0,392.529999,402.869995,389.049988,391.290009,396.5011359641875,397.6049681113269,396.1295664953044
2022-02-22,19045.0,388.950012,392.420013,373.019989,377.380005,382.6074347596712,381.74342558513956,380.036149517019
2022-02-23,19046.0,382.720001,386.0,366.660004,367.459991,377.8899757921369,375.3033618226878,374.757535623532
2022-02-24,19047.0,355.089996,390.730011,354.720001,390.029999,378.70436815678227,383.19472709933564,386.2964094890324
2022-02-25,19048.0,386.609985,391.290009,375.579987,390.799988,384.4153528421556,382.99039257628147,385.71354982792224
2022-02-28,19051.0,387.329987,397.75,382.130005,394.519989,394.39413023254934,391.587994303963,394.8906337136847
2022-03-01,19052.0,391.600006,395.0,383.709991,386.23999,390.9174207343981,388.53023252253126,388.5739702835358
2022-03-02,19053.0,388.929993,389.220001,375.209991,380.029999,382.23702536797356,380.20206072963003,383.46676490438193
2022-03-03,19054.0,386.0,386.119995,364.649994,368.070007,378.36715801078367,373.14836673430233,372.96220013739094
2022-03-04,19055.0,368.0,374.820007,357.170013,361.730011,364.61046393977443,366.3396108272357,365.42926139370473
2022-03-07,19058.0,360.410004,362.0,350.200012,350.26001,355.62656901379535,354.69303910107624,355.52983798927323
2022-03-08,19059.0,349.799988,358.859985,340.670013,341.76001,344.6753249462437,350.96601362207286,345.81526602506506
2022-03-09,19060.0,357.690002,364.140015,350.51001,358.790009,357.06483729023074,357.65590265712063,359.69338168429135
2022-03-10,19061.0,356.200012,367.019989,353.299988,356.769989,358.69851526532466,362.0862329531112,361.2703743604561
2022-03-11,19062.0,361.190002,363.359985,340.0,340.320007,343.0273132081953,350.2186505854478,344.0114304866948
2022-03-14,19065.0,338.720001,341.320007,329.820007,331.01001,336.47021106710446,334.6001882321569,334.98118453774356
2022-03-15,19066.0,335.100006,345.359985,332.359985,343.75,341.1840497948201,340.6588937699099,340.72637058318804
2022-03-16,19067.0,348.200012,359.98999,343.059998,357.529999,353.65117461696997,353.7545770336098,353.3729209744392
2022-03-17,19068.0,359.700012,373.309998,354.880005,371.399994,362.67692392397544,366.92097416899867,365.2261924529767
2022-03-18,19069.0,372.0,381.799988,368.470001,380.600006,377.3398423575184,376.6530474118275,376.824900023379
2022-03-21,19072.0,378.019989,381.820007,368.940002,374.589996,376.67995336017714,374.7036982154898,376.5514626627043
2022-03-22,19073.0,371.140015,386.660004,366.76001,382.920013,378.4304845011262,380.16603423529125,377.14097142436106
2022-03-23,19074.0,379.769989,382.459991,374.48999,374.48999,377.06517480476043,377.5009558447015,379.21135147051774
2022-03-24,19075.0,379.76001,379.76001,368.899994,375.709991,373.16515458798756,372.30941547378063,372.3583442455424
2022-03-25,19076.0,377.070007,377.640015,366.429993,373.850006,372.3638191252604,370.2219431519436,371.11746059131576
2022-03-28,19079.0,375.230011,380.279999,366.730011,378.51001,374.707667687852,373.27710574909236,374.09259446151975
2022-03-29,19080.0,384.390015,396.5,380.329987,391.820007,394.39413023254934,390.67496694688884,392.21205677678523
2022-03-30,19081.0,389.549988,392.700012,378.630005,381.470001,384.9604995444633,384.69159532815445,385.5800607335708
2022-03-31,19082.0,383.589996,384.0,373.609985,374.589996,377.8131936696111,376.93363210266125,379.3349901638104
2022-04-01,19083.0,376.799988,380.869995,368.5,373.470001,375.7787993553655,374.12224160245216,375.90536066093705
2022-04-04,19086.0,373.549988,396.019989,373.130005,391.5,391.5307168041943,390.4896878313227,388.08212548746036
2022-04-05,19087.0,389.299988,390.0,377.309998,380.149994,384.4153528421556,381.82057632571684,385.05516232082573
2022-04-06,19088.0,374.149994,376.470001,362.730011,368.350006,367.9080959499783,368.375607562946,368.0781374073814
2022-04-07,19089.0,365.0,368.540009,353.690002,362.149994,360.62445313999046,360.33626229734574,360.18646754276915
2022-04-08,19090.0,361.959991,362.5,354.869995,355.880005,358.1488415156333,356.9858857357416,357.53758647763925
2022-04-11,19093.0,350.0,354.779999,345.200012,348.0,349.34822388033984,349.82642609369844,350.6218541399311
2022-04-12,19094.0,355.910004,359.410004,342.25,344.100006,351.2363337474838,350.01002353537456,349.6964038176915
2022-04-13,19095.0,343.920013,352.0,341.160004,350.429993,348.92034887210787,347.6081616665274,348.08487969965086
2022-04-14,19096.0,350.950012,352.0,339.859985,341.130005,342.54874033605915,344.34548517672897,342.9189589773092
2022-04-18,19100.0,340.0,342.359985,331.619995,337.859985,337.71262099537364,335.9463328157904,336.2974912871261
2022-04-19,19101.0,333.220001,351.679993,333.220001,348.609985,342.2102430025367,347.11923858436154,343.21164609299456
2022-04-20,19102.0,245.199997,248.699997,212.509995,226.190002,230.31066532312994,229.6680365065999,236.6646696917554
2022-04-21,19103.0,220.0,227.679993,211.520004,218.220001,218.00605912670568,220.71577868120042,219.5504876004937
2022-04-22,19104.0,220.179993,226.270004,210.050003,215.520004,215.91765307219808,218.69424644253206,218.5206424071238
2022-04-25,19107.0,213.809998,216.660004,204.509995,209.910004,214.51875231741707,210.04908394047249,214.75351662977064
2022-04-26,19108.0,208.800003,209.149994,198.279999,198.399994,199.30166464410993,202.3111886411117,201.8534668186526
2022-04-27,19109.0,194.009995,200.190002,187.770004,188.539993,193.03365976608524,194.70861883698126,192.09045560190384
2022-04-28,19110.0,191.559998,201.479996,185.600006,199.520004,193.05253823852846,195.5602114481971,194.91019391958025
2022-04-29,19111.0,198.679993,204.710007,190.0,190.360001,195.57140792404073,197.96335232297446,195.7200820279153
2022-05-02,19114.0,191.710007,200.210007,190.009995,199.460007,193.57030276429956,196.74161106060222,194.19662722151742
2022-05-03,19115.0,198.289993,203.199997,194.770004,199.869995,198.48801879306825,199.32934204383838,198.174982669153
2022-05-04,19116.0,197.649994,204.380005,191.009995,204.009995,198.48801879306825,198.5920466246144,199.05784043961188
2022-05-05,19117.0,200.449997,200.710007,186.0,188.320007,192.53400962858527,191.8547371964541,191.73608558002863
2022-05-06,19118.0,186.75,187.210007,175.809998,180.970001,181.29668026428044,180.19734069039689,182.1951815436279
2022-05-09,19121.0,177.660004,183.199997,172.300003,173.100006,176.80683408613064,178.32675234628587,177.17528736908318
2022-05-10,19122.0,176.009995,181.869995,170.570007,177.660004,176.5322257802973,176.9090201053405,174.32173930985513
2022-05-11,19123.0,176.089996,180.919998,165.550003,166.369995,174.60473868924663,173.455485766003,172.15524696037562
2022-05-12,19124.0,163.960007,177.580002,162.710007,174.309998,174.29639231232355,173.61614917721874,171.7917155811619
2022-05-13,19125.0,177.160004,187.770004,176.009995,187.639999,184.64235423450373,184.29692643121842,183.6683695280735
2022-05-16,19128.0,193.300003,195.889999,185.699997,186.509995,190.0594646920214,190.26769723095023,189.8166995311887
2022-05-17,19129.0,189.169998,191.399994,185.169998,190.559998,190.0594646920214,187.72856871513392,188.01302691624522
2022-05-18,19130.0,186.720001,187.699997,176.270004,177.190002,182.96036202146053,180.8613112711525,182.2119670736372
2022-05-19,19131.0,178.050003,186.300003,175.710007,183.479996,181.104134778485,182.57568611293755,181.93579666655253
2022-05-20,19132.0,185.869995,190.190002,179.770004,186.350006,186.60346184260283,185.09943146598363,185.5086437691564
2022-05-23,19135.0,186.149994,187.660004,177.889999,187.440002,182.96036202146053,181.88401948338233,182.74054904142218
2022-05-24,19136.0,182.0,184.0,177.169998,180.339996,178.7838903319883,179.9515676270826,179.41964239992635
2022-05-25,19137.0,180.279999,188.869995,180.169998,187.830002,186.60346184260283,186.25133966473362,185.25572961056693
2022-05-26,19138.0,186.490005,192.339996,183.089996,191.399994,189.38915598823354,188.41710766617405,188.4910285549759
2022-05-27,19139.0,193.190002,195.25,190.369995,195.190002,192.20141321870764,192.21086840988727,191.08139688459323
2022-05-31,19143.0,196.179993,199.949997,190.800003,197.440002,196.48691363332708,195.2933593600112,196.30610650124578
2022-06-01,19144.0,198.699997,202.740005,191.660004,192.910004,198.26255090988644,197.16557697085898,197.6676112926826
2022-06-02,19145.0,192.020004,205.470001,191.720001,205.089996,198.48801879306825,201.94937974147655,200.4678767016607
2022-06-03,19146.0,200.139999,202.949997,198.050003,198.979996,198.26255090988644,200.153943811837,198.78094641313845
2022-06-06,19149.0,202.089996,203.869995,195.380005,197.139999,198.48801879306825,198.81600131467954,198.174982669153
2022-06-07,19150.0,194.869995,199.600006,193.0,198.610001,196.48691363332708,196.63024222056154,196.57013302251852
2022-06-08,19151.0,197.949997,207.380005,197.639999,202.830002,198.48801879306825,204.47328696324772,201.03211347424565
2022-06-09,19152.0,200.649994,201.690002,192.539993,192.770004,197.6325256649369,196.025296030915,197.0235209012589
2022-06-10,19153.0,182.639999,185.860001,180.850006,182.940002,183.04330570929582,183.20601036805544,182.1101551977336
2022-06-13,19156.0,177.070007,179.089996,168.960007,169.690002,174.29639231232355,173.33772586821894,173.28760343999528
2022-06-14,19157.0,169.75,172.059998,164.279999,167.539993,174.29639231232355,167.66298887883661,171.7917155811619
2022-06-15,19158.0,169.259995,183.850006,168.529999,180.110001,176.80683408613064,179.98934879778562,176.02332054494468
2022-06-16,19159.0,174.0,176.270004,171.559998,173.350006,174.29639231232355,173.4512449073118,174.99047503064725
2022-06-17,19160.0,173.630005,179.649994,173.339996,175.509995,175.58519848005625,177.36293338265497,175.35218814335775
2022-06-21,19164.0,177.600006,178.619995,169.800003,170.910004,174.29639231232355,173.18650993334,173.72538964766684
2022-06-22,19165.0,170.75,182.820007,170.199997,178.889999,176.80683408613064,179.44793877639526,175.53342426816843
2022-06-23,19166.0,180.5,182.759995,175.869995,181.710007,178.50928202615495,178.77927504044126,177.79934369371557
2022-06-24,19167.0,183.5,191.190002,181.839996,190.850006,187.97397700163933,187.89419564508458,186.20226420118144
2022-06-27,19170.0,191.770004,191.779999,182.389999,189.139999,188.30293708497265,185.63973846352786,188.01819471401276
2022-06-28,19171.0,189.199997,192.199997,179.369995,179.600006,185.21692625798858,185.35870993099957,184.39069032477852
2022-06-29,19172.0,179.550003,180.669998,175.100006,178.360001,176.58179493510434,176.96649443223515,176.63765422287412
2022-06-30,19173.0,177.070007,179.449997,170.300003,174.869995,174.29639231232355,174.34131393757224,173.94198925485514
2022-07-01,19174.0,176.490005,180.100006,174.270004,179.949997,176.58179493510434,177.1771006133879,176.2234836242887
2022-07-05,19178.0,176.279999,185.919998,172.679993,185.880005,180.41588470036,181.32206593507294,180.94186046878352
2022-07-06,19179.0,185.199997,186.220001,180.820007,184.059998,183.04330570929582,182.55274494108204,182.1101551977336
2022-07-07,19180.0,184.270004,190.210007,183.5,189.270004,189.38915598823354,187.65420149281005,187.75694162266774
2022-07-08,19181.0,186.020004,189.910004,182.75,186.979996,188.30293708497265,186.36656791828779,187.68598932442794
2022-07-11,19184.0,184.729996,184.990005,176.889999,177.339996,179.72492625022844,179.63545555160528,181.04823549100573
2022-07-12,19185.0,177.330002,179.779999,173.419998,174.449997,175.8679067467229,176.15470645886452,176.02332054494468
2022-07-13,19186.0,170.5,179.179993,169.699997,176.559998,174.29639231232355,176.21436028538247,173.3877879026669
2022-07-14,19187.0,175.559998,177.520004,171.820007,174.779999,174.29639231232355,174.0661954706381,174.9909805715278
2022-07-15,19188.0,175.580002,189.220001,174.559998,189.110001,185.21692625798858,185.3399602590691,184.67205134601187
2022-07-18,19191.0,192.5,199.669998,189.800003,190.919998,193.57030276429956,195.88700022697014,194.19662722151742
2022-07-19,19192.0,193.020004,201.970001,188.399994,201.630005,195.1532279959094,196.90006999901095,196.83924957197746
2022-07-20,19193.0,208.169998,216.970001,200.100006,216.440002,213.72888559207772,210.07677820784716,213.63516922848845
2022-07-21,19194.0,214.300003,224.320007,211.5,223.880005,214.95524586347764,219.97134670976092,218.9183700158731
2022-07-22,19195.0,222.380005,229.350006,218.440002,220.440002,224.21262618509257,224.8648395759306,224.09943457782933
2022-07-25,19198.0,221.309998,225.229996,216.350006,218.509995,216.86039120431101,220.69725932902224,221.72754501248141
2022-07-26,19199.0,216.660004,219.389999,211.639999,213.910004,214.51875231741707,215.0274996879258,217.74466150685817
2022-07-27,19200.0,216.479996,227.779999,214.580002,226.75,221.38577248036228,223.69308293077978,222.12740131822767
2022-07-28,19201.0,224.600006,228.100006,219.669998,226.020004,224.86057412319866,223.6399851755598,222.9028962372764
2022-07-29,19202.0,223.289993,230.75,222.399994,224.899994,225.729070283684,227.77923902145406,224.79038014204713
2022-08-01,19205.0,223.100006,228.389999,221.0,226.210007,225.46672653332683,225.13056140812017,223.9019756432427
2022-08-02,19206.0,222.759995,228.199997,220.880005,221.419998,225.05685994343676,225.0328207354169,223.7972835001474
2022-08-03,19207.0,224.789993,228.100006,222.419998,226.729996,225.41472641735464,225.00788269917177,223.06754467361043
2022-08-04,19208.0,227.679993,232.070007,225.050003,229.910004,228.84851836212547,228.66279025293187,225.92202129261977
2022-08-05,19209.0,225.300003,228.619995,222.869995,226.779999,225.47645566110464,225.4934577614696,223.06754467361043
2022-08-08,19212.0,227.490005,241.960007,226.410004,233.490005,235.525963171436,237.76865986292492,236.39521739192713
2022-08-09,19213.0,231.619995,232.199997,224.649994,229.940002,226.98080517584177,227.115415448436,226.40409697276618
2022-08-10,19214.0,236.990005,244.539993,236.600006,244.110001,240.99035894736866,241.77717525672082,240.38454358892378
2022-08-11,19215.0,244.679993,251.619995,241.509995,242.699997,248.78768117102655,247.47829656491922,248.14799507089825
2022-08-12,19216.0,244.809998,249.410004,243.759995,249.300003,247.4289246380004,246.74654024161424,244.4365394785738
2022-08-15,19219.0,248.110001,251.990005,247.509995,249.110001,251.34947996440854,249.66628317007883,250.47734727768034
2022-08-16,19220.0,247.160004,249.289993,244.029999,245.690002,247.4289246380004,245.92321769832282,244.5132418935375
2022-08-17,19221.0,241.179993,244.240005,237.559998,241.149994,240.99035894736866,240.48701873505613,241.41994341668874
2022-08-18,19222.0,241.960007,246.479996,239.279999,245.169998,242.2695997841544,242.98518337927857,242.0677227484454
2022-08-19,19223.0,240.949997,243.289993,235.679993,241.160004,239.68072677634322,238.78896992398978,239.862587924929
2022-08-22,19226.0,232.550003,233.479996,224.589996,226.539993,226.98080517584177,227.8197944669807,228.04505348112593
2022-08-23,19227.0,226.460007,229.899994,224.300003,224.550003,226.06900183392617,226.89230704018206,223.2631331579333
2022-08-24,19228.0,225.660004,234.100006,223.940002,229.610001,228.09616132207807,230.53346358994472,228.1082291499074
2022-08-25,19229.0,230.240005,234.160004,229.0,233.979996,232.7417838443419,231.54651795195088,232.17893926100595
2022-08-26,19230.0,233.630005,236.949997,223.149994,223.279999,226.99488380994921,229.59105930878437,228.1125467810155
2022-08-29,19233.0,221.929993,229.869995,221.520004,224.570007,225.46672653332683,227.07812509325754,225.18294098187576
2022-08-30,19234.0,226.660004,229.789993,218.740005,220.649994,223.70440323518102,223.81945191170536,222.49914008252648
2022-08-31,19235.0,227.0,233.880005,223.429993,223.559998,226.13986943931894,229.58928783575743,226.9477518369794
2022-09-01,19236.0,220.720001,230.369995,219.470001,230.039993,225.1229178735558,226.87184865945636,224.62846902071956
2022-09-02,19237.0,231.029999,233.880005,225.039993,226.110001,228.33505687556368,228.95026035300396,227.79915696802536
2022-09-06,19241.0,225.589996,226.850006,214.690002,218.389999,217.35578604553143,219.62047894833816,220.1364832514104
2022-09-07,19242.0,220.210007,229.330002,218.270004,228.960007,223.65755173836638,225.5564456038753,224.17604102951563
2022-09-08,19243.0,224.160004,228.740005,221.300003,227.440002,225.46672653332683,225.1925522371678,223.06754467361043
2022-09-09,19244.0,229.619995,234.779999,229.619995,233.570007,233.1454981729133,232.62035170753467,232.6490523009852
2022-09-12,19247.0,233.610001,239.490005,233.369995,236.529999,235.68463613007233,237.0795304288598,234.28106453578621
2022-09-13,19248.0,226.5,227.690002,217.720001,218.130005,219.64125441087236,221.57728424970622,221.48740326300464
2022-09-14,19249.0,219.820007,228.0,215.800003,224.119995,222.43315596415013,223.28887393302716,222.6326267751245
2022-09-15,19250.0,230.470001,242.289993,229.100006,235.380005,236.20536349143595,238.35783103266604,237.43871828351683
2022-09-16,19251.0,231.220001,241.360001,227.830002,240.130005,236.20536349143595,236.63546499199532,236.74742706083944
2022-09-19,19254.0,245.050003,245.25,235.75,243.630005,240.84329665361867,238.96897365200937,242.05214878821425
2022-09-20,19255.0,240.369995,250.490005,239.660004,242.850006,243.99196864188428,247.14355051523432,241.54018013809008
2022-09-21,19256.0,242.669998,248.300003,236.679993,236.869995,240.99035894736866,242.89704252325248,240.84070192571866
2022-09-22,19257.0,235.350006,240.5,231.660004,237.050003,235.68463613007233,236.39639447971393,236.29735591226185
2022-09-23,19258.0,235.139999,236.449997,221.429993,226.410004,226.93315456619922,227.7161424559581,228.1125467810155
2022-09-26,19261.0,225.600006,232.699997,223.009995,224.070007,226.3882590030202,228.89082147693864,226.97400635156546
2022-09-27,19262.0,228.630005,230.639999,220.720001,224.360001,224.81098074388228,224.84626659766815,223.41500985405887
2022-09-28,19263.0,229.690002,246.649994,227.380005,245.199997,238.8495938342196,241.4153005197541,240.2820795405225
2022-09-29,19264.0,241.610001,246.979996,235.679993,239.710007,240.84329665361867,241.65257931183908,240.36868418286153
2022-09-30,19265.0,237.0,242.440002,233.259995,235.440002,236.20536349143595,238.25964182561023,237.98413751221815
2022-10-03,19268.0,237.850006,241.539993,232.850006,239.039993,236.20536349143595,236.97538648722212,236.45106835205962
2022-10-04,19269.0,244.839996,245.800003,233.25,240.740005,238.8495938342196,238.2021054956594,241.6026986984054
2022-10-05,19270.0,238.759995,241.589996,227.380005,236.729996,236.20536349143595,233.82339607729816,236.31980092917615
2022-10-06,19271.0,236.679993,244.279999,233.910004,240.020004,240.52382896332452,240.26589168332,239.97968956360646
2022-10-07,19272.0,235.770004,237.330002,224.279999,224.75,228.0436528167101,229.71540501483182,228.35649458938596
2022-10-10,19275.0,225.639999,233.830002,224.229996,229.979996,227.64486128001923,230.46514350406613,227.4718345232051
2022-10-11,19276.0,226.050003,230.440002,213.699997,214.289993,220.46840420103507,221.9558145170372,219.24705522073486
2022-10-12,19277.0,214.300003,223.669998,212.639999,220.869995,214.95524586347764,220.02018537355008,219.13603133731218
2022-10-13,19278.0,212.690002,234.470001,211.729996,232.509995,224.1325128532932,229.22705547850228,228.19923573063798
2022-10-14,19279.0,237.800003,238.800003,229.509995,230.0,233.1454981729133,232.94116954930672,233.79552802043827
2022-10-17,19282.0,234.410004,249.919998,234.399994,245.100006,241.42188236710703,246.1036702086284,240.38454358892378
2022-10-18,19283.0,249.800003,250.369995,237.729996,240.860001,241.8884123511512,242.56866205312235,242.14648343738503
2022-10-19,19284.0,265.0,279.299988,262.660004,272.380005,269.40428944876203,274.3694350036006,270.3504762135818
2022-10-20,19285.0,272.779999,278.380005,266.380005,268.160004,270.7368615791575,272.6812519207791,272.0027163122389
2022-10-21,19286.0,268.950012,290.75,265.679993,289.570007,282.0524492266414,284.13515627269635,284.64552318166596
2022-10-24,19289.0,290.230011,290.48999,280.359985,282.450012,284.0248603961325,283.7721255762697,285.94613950681776
2022-10-25,19290.0,286.950012,297.589996,285.549988,291.019989,290.5076657567603,293.6671671703599,293.35807043385216
2022-10-26,19291.0,290.040009,305.630005,288.040009,298.619995,294.09290858110705,300.60139486924805,295.31882474115906
2022-10-27,19292.0,298.329987,305.209991,294.779999,296.940002,298.7189971220675,300.7255418837558,298.2241811423945
2022-10-28,19293.0,297.700012,301.190002,292.290009,295.720001,296.7829445833902,296.27135783698964,296.3492018021359
2022-10-31,19296.0,295.130005,297.619995,289.5,291.880005,293.1679166094117,292.75192607134176,293.95629359161757
2022-11-01,19297.0,296.170013,299.700012,286.420013,286.75,290.38218371379565,292.5104598524045,293.2581172385677
2022-11-02,19298.0,286.399994,287.329987,272.839996,273.0,279.8541729771267,278.58794388732304,277.2189566940223
2022-11-03,19299.0,271.25,276.290009,268.799988,269.059998,272.3052112979035,272.7493039011708,271.91511374433287
2022-11-04,19300.0,272.019989,274.970001,255.320007,260.790009,262.05770043853175,264.3078968984315,263.72409821280763
2022-11-07,19303.0,261.059998,261.149994,252.089996,258.600006,255.3907972505077,255.01306653569827,255.39810806762617
2022-11-08,19304.0,259.920013,266.079987,256.880005,263.459991,262.81853685478853,262.08604760469683,261.19173127913797
2022-11-09,19305.0,259.660004,260.899994,254.220001,254.660004,255.66636843265056,256.43059348349436,256.6976418638659
2022-11-10,19306.0,265.98999,275.359985,260.089996,274.970001,266.15550540597377,269.34552490489284,265.5501615611697
2022-11-11,19307.0,274.470001,290.660004,271.559998,290.130005,283.16013478984513,285.1052731919447,284.53877147613565
2022-11-14,19310.0,290.0,311.0,288.190002,299.269989,295.4951358795511,305.2147836088146,298.73538552839517
2022-11-15,19311.0,309.200012,312.709991,302.549988,310.200012,308.54891268616075,307.10697765541767,310.9519446557605
2022-11-16,19312.0,309.940002,310.48999,303.609985,306.019989,306.59618652175345,305.520533772515,308.47194330944745
2022-11-17,19313.0,294.720001,299.820007,291.0,295.279999,295.47666466396134,295.5386679107305,295.2711267914582
2022-11-18,19314.0,297.329987,298.0,287.0,287.980011,290.90535699613145,290.95646009222133,292.9338163196454
2022-11-21,19317.0,291.0,291.869995,282.660004,285.049988,287.5320046855734,285.85330222425625,288.0515576779628
2022-11-22,19318.0,284.98999,286.980011,277.339996,286.690002,282.880899515265,281.1640295728984,282.4848562804848
2022-11-23,19319.0,285.910004,292.470001,283.76001,291.5,288.7200312168731,288.8036623208749,289.359716300295
2022-11-25,19321.0,289.0,289.209991,284.170013,285.540009,287.48121115027936,285.13849777384706,286.83469469042564
2022-11-28,19324.0,284.0,289.549988,280.529999,281.170013,284.5114105310998,285.358834620221,285.1177597166769
2022-11-29,19325.0,282.5,282.959991,275.940002,280.959991,278.5703999752544,277.9630942184734,276.9126739099089
2022-11-30,19326.0,281.369995,308.26001,280.410004,305.529999,289.8071687497219,302.0118750353132,295.12912877310475
2022-12-01,19327.0,303.98999,319.799988,303.029999,316.950012,315.1071983521384,315.2403491237368,315.35651136728814
2022-12-02,19328.0,310.48999,321.98999,310.0,320.410004,317.13288482975804,318.33945490947445,316.6666867230621
2022-12-05,19331.0,316.459991,322.769989,310.920013,312.589996,315.6321088460518,317.28346397594845,316.13426901319394
2022-12-06,19332.0,311.0,313.220001,303.130005,305.559998,308.0305645005305,307.17815225189577,309.70203881041726
2022-12-07,19333.0,306.5,309.609985,302.100006,308.420013,305.34531541711766,305.2543134006093,307.32207830516614
2022-12-08,19334.0,309.109985,312.380005,304.809998,310.26001,309.41294732756387,308.0438223452497,310.48121437857844
2022-12-09,19335.0,321.450012,329.0,319.519989,320.01001,323.89992680618195,325.1902696406799,324.8947650962738
2022-12-12,19338.0,320.0,323.179993,308.850006,315.179993,315.36727568652793,315.2456864949778,314.3340039525565
2022-12-13,19339.0,328.0,332.720001,317.200012,320.339996,324.2313094881042,324.70209259943005,324.95295128807265
2022-12-14,19340.0,318.970001,324.709991,314.420013,317.829987,318.96763527206906,319.82404424751815,319.6084536008256
2022-12-15,19341.0,302.119995,303.390015,286.549988,290.410004,290.38218371379565,293.4983297557853,294.37131239854256
2022-12-16,19342.0,288.76001,294.720001,288.700012,290.709991,292.4346873230298,292.23309885254076,291.08390952323424
2022-12-19,19345.0,289.730011,292.25,286.130005,288.299988,288.7963536002006,288.4539294615092,288.54170085376023
2022-12-20,19346.0,281.23999,289.279999,280.809998,288.190002,285.75750200244687,286.292058687737,287.03794441103184
2022-12-21,19347.0,289.98999,300.660004,286.5,297.959991,290.46852950516933,295.6310833023733,293.2581172385677
2022-12-22,19348.0,298.089996,298.880005,290.809998,297.75,294.83817129383044,293.4098407236313,295.1482067388686
2022-12-23,19349.0,296.179993,298.459991,291.910004,294.959991,296.0825930186189,294.3331628704232,295.3409748160598
2022-12-27,19353.0,293.190002,293.570007,282.130005,284.170013,286.2472694182103,286.2025579070025,286.81185207840866
2022-12-28,19354.0,281.920013,285.190002,273.410004,276.880005,279.41152108014387,278.7306556595896,276.38991115228083
2022-12-29,19355.0,283.179993,295.5,281.01001,291.119995,288.358469150948,290.91958883761464,288.20242760339414
2022-12-30,19356.0,285.529999,295.01001,283.220001,294.880005,290.3248573392611,290.7990592571176,290.34227367919163
